timestamp,open,high,low,close,volume
2015-05-21,28.0,28.74,24.11,25.68,12303615
2015-05-22,26.17,31.1,26.0,28.31,2842781
2015-05-26,29.8,30.34,29.08,29.65,819733
2015-05-27,30.67,30.81,27.0,27.5,797976
2015-05-28,27.55,27.74,26.48,27.45,400367
2015-05-29,27.25,27.38,26.87,27.2,255419
2015-06-01,27.2,27.44,26.6,27.33,257040
2015-06-02,27.47,27.47,26.65,26.95,379765
2015-06-03,26.76,27.5,26.5,27.44,302948
2015-06-04,27.42,27.49,25.51,26.78,322577
2015-06-05,26.66,27.39,26.1,27.39,129560
2015-06-08,26.9,27.48,26.82,26.98,280925
2015-06-09,26.64,28.46,26.64,28.34,337785
2015-06-10,28.45,28.88,27.95,28.1,273588
2015-06-11,28.49,30.73,28.49,30.73,461719
2015-06-12,31.32,33.7,31.25,33.63,848352
2015-06-15,33.97,38.12,32.9201,35.5,1694460
2015-06-16,36.06,38.379,35.84,38.11,1109542
2015-06-17,39.63,42.13,38.01,38.63,1595702
2015-06-18,38.42,38.8899,34.3265,35.55,1148173
2015-06-19,36.33,36.74,32.55,35.52,978292
2015-06-22,36.76,38.5,36.09,36.94,792238
2015-06-23,37.75,38.1,35.17,35.43,294227
2015-06-24,35.12,37.429,34.14,35.96,564367
2015-06-25,36.34,36.5,34.8,34.84,208183
2015-06-26,34.87,35.32,32.63,33.52,346533
2015-06-29,32.52,33.51,31.2,31.32,315520
2015-06-30,31.5,34.44,31.5,33.95,473587
2015-07-01,34.03,34.97,29.88,31.11,1012614
2015-07-02,31.51,31.73,30.62,31.31,304253
2015-07-06,31.07,31.74,30.38,30.53,149336
2015-07-07,30.47,30.83,28.5,30.76,348945
2015-07-08,30.02,30.3599,29.03,29.19,187364
2015-07-09,29.73,30.38,28.8,29.06,249100
2015-07-10,29.32,30.29,29.1,29.6,280486
2015-07-13,29.85,30.99,29.76,30.42,220053
2015-07-14,30.78,31.3268,30.5,30.86,145520
2015-07-15,30.89,31.01,28.91,29.34,357137
2015-07-16,29.06,29.87,28.9307,29.39,148265
2015-07-17,29.32,32.35,29.15,32.27,1619618
2015-07-20,32.37,33.93,31.6413,33.75,414154
2015-07-21,33.95,34.6599,32.09,33.22,414769
2015-07-22,32.99,33.49,31.36,32.14,255700
2015-07-23,32.59,34.43,32.58,33.11,265771
2015-07-24,33.45,34.75,33.24,33.57,357721
2015-07-27,33.4,33.95,32.05,32.87,200495
2015-07-28,33.5,34.48,32.83,34.06,174784
2015-07-29,34.1,34.85,33.2,34.16,201544
2015-07-30,38.655,40.25,37.01,38.13,1162785
2015-07-31,38.13,38.25,36.35,37.39,525888
2015-08-03,37.49,40.49,36.6,40.36,534990
2015-08-04,40.11,41.11,38.13,38.41,573350
2015-08-05,39.02,39.97,38.16,38.45,291094
2015-08-06,38.4,38.75,35.2,36.28,383039
2015-08-07,36.27,36.27,34.25,35.16,321548
2015-08-10,35.3,36.14,32.87,33.47,480393
2015-08-11,33.66,35.59,32.9637,35.14,269300
2015-08-12,34.85,35.21,33.75,34.73,236872
2015-08-13,34.79,36.49,34.51,35.31,226228
2015-08-14,35.0,35.75,34.09,34.56,143713
2015-08-17,34.77,35.0,33.3,34.41,162323
2015-08-18,34.18,34.18,32.48,32.6,186996
2015-08-19,32.37,32.47,30.6,31.1,444710
2015-08-20,30.76,31.1,29.15,29.22,269845
2015-08-21,28.75,29.97,27.31,27.77,404195
2015-08-24,25.51,28.49,22.7,26.28,427101
2015-08-25,28.29,29.78,26.85,26.93,304294
2015-08-26,28.5,28.57,26.3001,28.22,390064
2015-08-27,28.98,29.6,27.8,28.51,268224
2015-08-28,28.25,29.008,27.72,28.0,137040
2015-08-31,27.89,28.77,27.09,27.54,130524
2015-09-01,27.11,27.29,26.39,26.6,130089
2015-09-02,26.8,27.549,26.06,26.7,167011
2015-09-03,26.56,28.0,26.5101,27.15,132496
2015-09-04,26.98,27.23,26.37,26.81,129080
2015-09-08,27.03,27.645,26.745,27.14,107437
2015-09-09,27.9,28.51,25.89,26.01,320389
2015-09-10,26.05,26.4743,25.5801,25.77,139050
2015-09-11,25.55,26.47,25.55,26.36,187353
2015-09-14,26.27,27.26,26.01,27.21,220890
2015-09-15,27.14,28.46,27.1,28.11,251146
2015-09-16,28.13,29.26,28.04,28.91,133105
2015-09-17,29.89,37.95,29.85,35.55,2112254
2015-09-18,35.725,37.47,34.52,35.66,786908
2015-09-21,35.7,37.0,34.75,34.83,393455
2015-09-22,34.5,34.5,32.81,33.66,332711
2015-09-23,33.53,34.67,32.83,33.5,340041
2015-09-24,32.98,34.0899,32.09,33.47,244587
2015-09-25,33.85,35.64,33.12,33.91,355165
2015-09-28,33.64,33.9672,32.5,33.05,204893
2015-09-29,32.41,33.985,32.41,33.64,221300
2015-09-30,35.69,35.765,33.66,35.2,299943
2015-10-01,35.37,35.75,33.73,35.07,247952
2015-10-02,34.65,36.1,34.19,35.81,236583
2015-10-05,36.05,39.29,36.05,36.76,664434
2015-10-06,36.72,37.4199,35.0101,36.21,281238
2015-10-07,36.01,37.37,35.902,37.33,236348
2015-10-08,37.21,39.0,36.4501,38.24,472061
2015-10-09,38.4,38.8723,36.6001,37.02,164036
2015-10-12,37.04,37.342,30.5,34.31,819386
2015-10-13,34.97,35.6,33.06,33.12,191241
2015-10-14,33.49,34.5,32.235,33.64,294716
2015-10-15,33.64,34.42,33.2,34.14,262601
2015-10-16,34.51,34.59,33.4,34.33,268976
2015-10-19,34.28,34.89,33.11,33.36,295878
2015-10-20,33.44,33.53,31.19,31.5,284700
2015-10-21,31.54,32.54,31.32,31.95,153374
2015-10-22,32.27,32.45,31.71,32.01,229337
2015-10-23,31.98,32.4336,31.09,31.66,199775
2015-10-26,31.66,31.75,30.76,31.07,107985
2015-10-27,30.68,31.04,29.72,31.04,296154
2015-10-28,30.62,31.24,30.26,31.12,109060
2015-10-29,30.82,32.02,30.11,31.59,171509
2015-10-30,31.49,32.49,31.0001,32.22,260746
2015-11-02,32.36,33.62,30.91,30.96,302004
2015-11-03,31.05,31.75,29.64,31.44,554161
2015-11-04,33.73,33.93,29.63,31.75,963676
2015-11-05,32.51,33.54,31.35,31.62,564379
2015-11-06,31.6,32.41,31.49,31.54,402229
2015-11-09,31.63,31.64,29.74,30.23,299243
2015-11-10,30.1,30.45,28.2,28.59,344501
2015-11-11,28.83,29.0,27.7,28.18,310769
2015-11-12,28.0,29.8899,27.5801,28.86,540812
2015-11-13,28.93,30.0,28.17,28.33,368757
2015-11-16,28.26,28.63,26.38,27.35,729157
2015-11-17,26.5,27.0,25.53,26.39,2604099
2015-11-18,26.87,28.0,26.5,28.0,1907376
2015-11-19,28.0,29.72,27.84,29.45,1233833
2015-11-20,29.5,29.6,27.72,28.23,884176
2015-11-23,28.15,29.0,27.861,28.87,386303
2015-11-24,28.46,28.46,26.81,26.95,1192620
2015-11-25,27.25,27.6783,26.26,26.44,934456
2015-11-27,26.8,26.98,26.3,26.71,314146
2015-11-30,26.9,26.96,26.22,26.34,509768
2015-12-01,26.18,26.7,26.18,26.28,432979
2015-12-02,26.32,26.57,25.8,26.41,385499
2015-12-03,26.5,26.88,26.13,26.83,613697
2015-12-04,26.85,27.4,26.54,27.12,629295
2015-12-07,26.63,27.15,26.54,26.88,616249
2015-12-08,26.4,26.79,26.04,26.48,473164
2015-12-09,26.28,26.28,24.42,24.81,938318
2015-12-10,24.81,25.205,24.55,24.96,564818
2015-12-11,24.63,25.28,24.54,24.76,191189
2015-12-14,24.63,25.0,24.16,24.56,290265
2015-12-15,24.49,25.57,24.4,25.36,526615
2015-12-16,25.5,26.36,25.29,26.21,610096
2015-12-17,26.29,26.8,26.16,26.53,373749
2015-12-18,26.17,26.37,25.31,25.31,353120
2015-12-21,25.5,25.74,24.06,24.45,273019
2015-12-22,24.5,24.83,24.2222,24.66,183798
2015-12-23,24.69,25.29,24.57,24.92,141777
2015-12-24,24.94,25.45,24.93,25.34,103943
2015-12-28,25.27,25.46,24.76,24.84,112456
2015-12-29,25.01,25.68,24.881,25.18,184574
2015-12-30,25.12,26.56,25.12,25.98,242879
2015-12-31,25.85,26.1999,25.22,25.8,234942
2016-01-04,25.42,25.835,24.52,25.72,601772
2016-01-05,25.5,26.5,25.26,25.31,418203
2016-01-06,24.95,25.34,24.18,25.3,256565
2016-01-07,25.0,25.58,24.63,24.67,415983
2016-01-08,25.0,25.37,24.7,24.93,137394
2016-01-11,24.95,25.03,23.53,23.87,294540
2016-01-12,24.15,24.72,23.41,23.74,369778
2016-01-13,23.73,23.925,21.25,21.38,510516
2016-01-14,21.44,21.44,19.85,20.64,813722
2016-01-15,20.24,20.24,18.48,19.89,921268
2016-01-19,21.43,21.55,20.18,20.3,883499
2016-01-20,20.0,20.9499,18.61,20.53,502623
2016-01-21,20.93,23.4,20.56,22.79,1102831
2016-01-22,23.47,23.71,22.64,23.07,782046
2016-01-25,23.13,23.68,22.66,23.13,338028
2016-01-26,23.44,23.51,22.385,23.09,175616
2016-01-27,22.92,23.24,22.0,22.0,289016
2016-01-28,22.27,22.9,22.01,22.5,315348
2016-01-29,22.49,23.3,22.37,23.22,538415
2016-02-01,23.26,23.71,22.86,23.53,373371
2016-02-02,23.27,23.515,22.19,22.62,538660
2016-02-03,22.89,23.03,21.72,23.0,555814
2016-02-04,22.86,23.79,22.81,23.48,363706
2016-02-05,23.33,23.435,21.27,21.87,1391763
2016-02-08,21.52,21.75,19.92,20.38,623653
2016-02-09,20.32,21.03,19.69,19.85,392694
2016-02-10,20.01,20.57,19.845,19.97,160211
2016-02-11,19.5,19.99,18.9,19.37,212631
2016-02-12,19.39,19.85,18.58,19.33,495243
2016-02-16,20.54,21.42,19.82,20.5,1185107
2016-02-17,24.2,24.81,21.64,22.37,3491958
2016-02-18,22.99,23.17,20.55,20.59,1458746
2016-02-19,20.22,20.75,19.84,20.57,638661
2016-02-22,20.8,21.39,20.61,21.21,763985
2016-02-23,21.06,21.37,19.51,20.04,1305794
2016-02-24,19.77,21.19,19.68,21.02,971477
2016-02-25,21.33,21.83,20.77,21.66,1271527
2016-02-26,21.69,22.12,21.3201,22.0,1106187
2016-02-29,22.03,22.9,21.9,22.38,648148
2016-03-01,22.67,22.87,22.01,22.69,692679
2016-03-02,22.64,24.44,22.47,24.36,1495769
2016-03-03,24.36,25.71,23.675,24.27,1210450
2016-03-04,24.51,25.5,24.4,25.16,877219
2016-03-07,25.0,25.91,24.77,25.87,861893
2016-03-08,26.21,26.99,25.95,26.79,1348178
2016-03-09,26.91,26.91,26.02,26.07,949896
2016-03-10,26.43,26.45,25.31,25.39,490620
2016-03-11,25.75,26.77,25.64,26.7,634741
2016-03-14,26.93,27.0,26.25,26.58,214978
2016-03-15,26.35,26.454,25.6555,25.83,269332
2016-03-16,25.84,26.95,25.57,26.8,401024
2016-03-17,26.89,27.24,26.56,27.15,560798
2016-03-18,28.09,28.78,27.52,28.49,1456302
2016-03-21,28.48,28.63,27.65,28.04,408272
2016-03-22,27.76,28.14,27.06,27.51,668196
2016-03-23,27.28,27.5899,26.09,26.2,381956
2016-03-24,27.5,27.78,26.12,26.99,682272
2016-03-28,27.68,27.81,26.88,27.59,544401
2016-03-29,27.53,28.08,27.35,27.97,402994
2016-03-30,28.25,28.62,27.74,27.77,544132
2016-03-31,27.96,28.5989,27.96,28.21,531108
2016-04-01,27.88,28.67,27.565,28.45,650100
2016-04-04,29.02,29.9889,28.75,29.3,1619759
2016-04-05,29.24,29.24,28.64,28.75,558670
2016-04-06,28.83,29.7399,28.78,29.5,493783
2016-04-07,29.47,29.69,28.941,29.21,320422
2016-04-08,29.42,30.0,29.24,29.55,443368
2016-04-11,29.94,30.01,29.5,29.52,568729
2016-04-12,29.5,30.09,29.28,29.77,408065
2016-04-13,29.96,30.28,29.75,29.8,495038
2016-04-14,30.27,30.99,29.85,30.96,627805
2016-04-15,31.02,31.09,30.55,30.97,290361
2016-04-18,31.07,31.95,30.23,31.53,620852
2016-04-19,31.93,32.39,31.5,32.05,483753
2016-04-20,32.26,32.3102,31.5,31.5,442105
2016-04-21,31.65,31.96,31.35,31.53,262857
2016-04-22,31.53,31.99,31.2,31.81,224196
2016-04-25,31.9,31.9883,30.8,31.13,326246
2016-04-26,31.39,31.59,30.89,31.47,216735
2016-04-27,31.49,32.0,31.25,31.83,240709
2016-04-28,32.06,32.1,31.49,31.75,282511
2016-04-29,31.86,32.28,31.65,31.85,365219
2016-05-02,31.88,31.88,30.8201,31.41,506372
2016-05-03,31.0,31.343,30.65,30.74,424778
2016-05-04,30.73,31.1399,28.05,29.61,1839264
2016-05-05,29.53,29.8,28.1,28.52,1054766
2016-05-06,28.4,28.4,27.43,27.72,728835
2016-05-09,27.43,27.5,25.7,26.46,1623615
2016-05-10,26.57,26.74,26.16,26.63,585061
2016-05-11,26.63,26.63,25.96,26.27,410302
2016-05-12,26.31,27.14,26.31,26.95,632980
2016-05-13,26.91,27.18,24.96,26.29,396584
2016-05-16,26.44,26.6,26.01,26.16,520769
2016-05-17,26.17,26.95,26.01,26.8,688663
2016-05-18,26.65,27.48,26.15,26.34,625252
2016-05-19,26.07,26.29,25.7,25.97,760449
2016-05-20,26.0,26.39,26.0,26.1,366626
2016-05-23,26.15,27.29,26.09,26.82,712683
2016-05-24,26.68,27.37,26.41,27.06,843329
2016-05-25,27.1,28.33,27.04,28.2,924443
2016-05-26,28.4,28.4,27.6,27.76,363794
2016-05-27,27.67,28.69,27.62,28.57,397769
2016-05-31,28.79,29.41,28.6,29.29,848282
2016-06-01,30.15,31.31,29.9001,31.07,2717956
2016-06-02,30.25,30.9,29.8,29.84,1277407
2016-06-03,29.99,30.15,29.3,29.58,496489
2016-06-06,29.72,30.08,29.45,30.0,987172
2016-06-07,29.9,30.1399,29.59,29.86,1018421
2016-06-08,29.92,30.38,29.83,30.09,677291
2016-06-09,29.92,30.12,29.35,29.41,498090
2016-06-10,29.02,29.2,28.13,28.28,636527
2016-06-13,28.15,28.43,27.75,27.99,326419
2016-06-14,27.85,29.07,27.75,29.05,414997
2016-06-15,29.01,29.48,28.62,28.66,375362
2016-06-16,28.64,28.64,27.76,28.37,286970
2016-06-17,28.53,29.12,28.21,28.94,344192
2016-06-20,29.26,30.08,28.9,29.77,953732
2016-06-21,29.66,30.02,29.47,29.87,617685
2016-06-22,29.76,30.155,29.54,29.81,383018
2016-06-23,30.06,31.51,29.75,31.2,971062
2016-06-24,29.07,30.14,28.44,29.07,588187
2016-06-27,28.6,29.03,26.35,27.16,887896
2016-06-28,27.79,28.54,27.24,28.54,640934
2016-06-29,29.16,30.35,29.1,30.32,640753
2016-06-30,30.42,31.11,29.965,30.76,900932
2016-07-01,30.75,31.02,30.65,30.83,549062
2016-07-05,30.97,30.97,30.25,30.61,659194
2016-07-06,30.26,30.7,30.0,30.65,382075
2016-07-07,30.62,30.84,30.25,30.37,305241
2016-07-08,30.6,31.11,30.541,31.0,889800
2016-07-11,31.0,32.0,30.88,31.85,1049668
2016-07-12,32.0,33.25,31.9501,32.49,1448554
2016-07-13,32.78,33.0,31.81,31.99,593921
2016-07-14,32.41,32.5,31.89,32.1,611593
2016-07-15,32.22,32.46,31.82,32.32,1151623
2016-07-18,32.79,32.879,31.91,32.2,778652
2016-07-19,32.34,33.35,32.28,33.26,1570078
2016-07-20,32.81,33.57,32.73,33.09,1239329
2016-07-21,33.21,33.49,32.25,32.73,994528
2016-07-22,32.9,33.46,32.47,32.87,1636973
2016-07-25,32.96,33.1,32.5,32.6,540646
2016-07-26,32.54,32.73,31.83,32.55,802745
2016-07-27,32.98,33.52,32.79,33.21,856866
2016-07-28,33.51,34.57,33.43,34.27,1046890
2016-07-29,34.31,34.76,33.5,34.27,672462
2016-08-01,34.42,34.48,33.091,34.05,729772
2016-08-02,34.22,34.55,32.85,33.53,1203838
2016-08-03,34.97,37.15,33.2,36.79,3353717
2016-08-04,35.85,36.95,35.55,36.85,1561606
2016-08-05,37.06,37.4,36.36,37.01,932163
2016-08-08,37.53,38.74,37.325,38.31,1203255
2016-08-09,38.33,39.23,38.01,38.79,1356795
2016-08-10,39.13,39.75,39.12,39.29,1058471
2016-08-11,39.55,40.93,39.55,39.91,2146390
2016-08-12,39.92,40.55,39.01,39.38,970317
2016-08-15,39.86,39.9,38.88,39.08,1199202
2016-08-16,38.02,39.48,37.0,38.37,1924321
2016-08-17,38.9,39.57,38.6,38.74,5812108
2016-08-18,38.73,40.65,38.68,40.25,2196918
2016-08-19,40.37,42.79,40.25,42.41,1738512
2016-08-22,42.71,42.71,41.39,42.47,1015774
2016-08-23,42.98,43.62,41.69,41.76,1702753
2016-08-24,41.88,42.65,40.71,40.94,792621
2016-08-25,40.78,41.07,40.21,40.63,942649
2016-08-26,40.81,41.97,40.81,41.52,586516
2016-08-29,41.52,41.8099,41.07,41.39,389742
2016-08-30,41.42,41.55,40.88,41.29,392697
2016-08-31,41.14,41.41,40.8,41.36,671925
2016-09-01,41.2,41.4,39.91,40.67,971502
2016-09-02,40.95,43.78,40.95,42.42,1449786
2016-09-06,42.82,43.57,42.5,43.19,810230
2016-09-07,43.45,43.68,42.32,42.78,523385
2016-09-08,42.7,43.48,42.39,43.21,651179
2016-09-09,42.65,42.825,40.74,41.04,950564
2016-09-12,40.08,42.33,39.78,41.63,1029496
2016-09-13,41.18,41.54,39.95,40.57,591031
2016-09-14,40.74,41.7437,40.56,40.9,579620
2016-09-15,41.21,42.1,40.77,41.77,523695
2016-09-16,41.86,41.86,40.81,41.49,689353
2016-09-19,41.98,44.87,41.79,42.95,1682428
2016-09-20,43.13,43.32,41.52,42.46,973477
2016-09-21,42.93,44.65,42.75,44.5,1057018
2016-09-22,44.99,45.2,43.6001,43.86,1021644
2016-09-23,43.86,43.97,42.86,43.35,627837
2016-09-26,43.12,43.47,42.9,43.2,423036
2016-09-27,43.17,44.0,43.02,43.87,464738
2016-09-28,42.7,43.16,40.74,42.75,1468169
2016-09-29,43.01,44.1199,42.63,42.96,666415
2016-09-30,43.03,43.39,42.77,42.92,384818
2016-10-03,43.24,43.76,42.277,43.03,582992
2016-10-04,43.67,44.09,43.14,43.41,560514
2016-10-05,43.82,44.3,43.26,43.77,493042
2016-10-06,43.94,43.94,43.21,43.68,313094
2016-10-07,44.07,44.54,43.51,44.36,735420
2016-10-10,44.87,45.0,43.53,43.73,430828
2016-10-11,44.37,44.37,41.91,42.3,556125
2016-10-12,42.12,42.73,41.67,42.39,338075
2016-10-13,42.0,42.33,40.15,42.09,919755
2016-10-14,42.47,43.63,42.15,42.82,501272
2016-10-17,42.21,42.75,41.69,42.02,444975
2016-10-18,42.55,42.64,42.14,42.48,230789
2016-10-19,42.53,44.24,42.42,43.39,502144
2016-10-20,43.41,43.5,42.8,43.15,248091
2016-10-21,42.72,43.67,42.72,43.48,330617
2016-10-24,43.75,44.24,43.55,43.86,331349
2016-10-25,44.21,44.21,43.15,43.49,456655
2016-10-26,43.31,43.69,42.88,43.03,683777
2016-10-27,43.13,43.5758,41.34,41.35,602575
2016-10-28,41.31,41.62,40.83,40.84,814152
2016-10-31,41.03,41.75,40.8649,41.45,655697
2016-11-01,41.31,41.89,40.69,40.78,937075
2016-11-02,42.0,45.18,41.84,43.57,2151035
2016-11-03,42.95,43.35,38.75,40.41,2553669
2016-11-04,40.18,40.67,38.97,39.15,935849
2016-11-07,40.47,40.47,39.54,40.15,824807
2016-11-08,40.14,41.56,39.77,41.35,800479
2016-11-09,39.79,41.13,39.53,40.58,1086137
2016-11-10,40.73,41.54,39.5,40.09,939402
2016-11-11,39.88,40.05,38.92,39.66,891355
2016-11-14,39.95,39.95,37.74,37.9,1178655
2016-11-15,37.98,40.36,37.9,39.92,941690
2016-11-16,39.89,40.729,39.45,40.36,564199
2016-11-17,41.08,42.34,40.36,42.02,1161714
2016-11-18,42.49,44.24,42.09,44.05,1424480
2016-11-21,44.03,45.45,43.76,44.89,1271967
2016-11-22,44.83,45.23,42.55,42.96,1699269
2016-11-23,42.93,43.415,42.59,43.05,784629
2016-11-25,43.46,43.6754,43.05,43.27,207067
2016-11-28,43.71,43.75,42.32,42.49,500581
2016-11-29,42.88,43.2,42.35,42.59,445243
2016-11-30,43.07,43.25,41.59,41.67,820867
2016-12-01,41.81,42.06,39.62,39.67,1117519
2016-12-02,39.73,40.38,38.69,39.05,1277753
2016-12-05,39.47,41.23,39.47,40.57,889877
2016-12-06,40.95,41.4235,40.19,40.9,394586
2016-12-07,41.17,41.21,40.05,40.72,535605
2016-12-08,41.09,42.985,40.5394,42.63,1115694
2016-12-09,43.0,43.67,41.78,42.22,713100
2016-12-12,42.75,42.87,41.87,42.04,505568
2016-12-13,42.01,42.73,41.895,42.27,547923
2016-12-14,42.31,42.52,41.38,41.75,534288
2016-12-15,41.62,42.83,41.35,42.41,703717
2016-12-16,42.5,42.62,41.89,42.05,446044
2016-12-19,42.35,42.92,41.75,41.87,521796
2016-12-20,41.87,41.96,41.1001,41.42,515635
2016-12-21,41.52,41.52,40.64,40.8,649493
2016-12-22,40.8,40.909,39.851,40.17,502563
2016-12-23,40.04,41.38,40.04,41.34,639829
2016-12-27,41.54,43.8,41.5198,43.64,751573
2016-12-28,43.53,44.24,42.83,43.22,869219
2016-12-29,43.39,43.9,42.52,43.1,532616
2016-12-30,43.28,43.48,42.61,42.87,406868
2017-01-03,43.28,43.46,42.135,42.82,705934
2017-01-04,43.26,44.42,42.85,44.14,848140
2017-01-05,44.47,47.94,44.25,47.68,5069788
2017-01-06,47.36,47.65,45.7,46.9,2061477
2017-01-09,47.11,47.54,46.7,47.18,921122
2017-01-10,47.02,49.13,47.02,47.87,1601042
2017-01-11,47.93,48.71,47.281,48.33,947644
2017-01-12,48.64,48.85,47.61,48.58,927173
2017-01-13,48.58,49.43,48.02,48.1,1054174
2017-01-17,48.83,49.75,48.31,49.52,1306322
2017-01-18,49.66,50.0,49.04,49.98,846045
2017-01-19,50.12,51.13,49.9,50.66,1000322
2017-01-20,50.77,51.37,49.871,50.09,916662
2017-01-23,50.1,50.35,49.25,49.44,871839
2017-01-24,49.86,50.0,48.93,49.42,852330
2017-01-25,50.11,51.98,50.02,51.36,1116489
2017-01-26,51.81,52.0,50.65,51.01,837387
2017-01-27,51.0,51.64,51.0,51.54,532651
2017-01-30,51.61,51.73,49.97,50.7,937562
2017-01-31,50.34,50.85,50.17,50.82,703451
2017-02-01,51.64,51.7074,50.62,51.19,552613
2017-02-02,51.18,52.65,51.04,52.32,954848
2017-02-03,52.61,52.63,51.4,52.12,768864
2017-02-06,52.19,52.74,51.46,52.68,419996
2017-02-07,52.99,53.66,52.65,53.13,681205
2017-02-08,53.59,53.64,52.73,53.37,704270
2017-02-09,53.75,55.0,53.75,54.61,900240
2017-02-10,55.23,56.25,54.9,55.22,1785439
2017-02-13,56.01,57.16,55.32,56.05,2541111
2017-02-14,56.32,56.32,55.15,56.05,1963474
2017-02-15,54.87,61.4899,54.3,60.61,5696904
2017-02-16,61.18,62.47,59.56,60.97,2186749
2017-02-17,60.76,61.68,60.03,61.52,1192808
2017-02-21,62.15,63.93,61.86,63.08,1952054
2017-02-22,63.0,63.8,61.7801,63.59,1199067
2017-02-23,64.17,64.36,61.83,62.73,1470143
2017-02-24,62.02,62.28,60.591,61.75,1168630
2017-02-27,61.8,61.87,59.82,59.93,1535012
2017-02-28,59.47,60.84,59.15,59.21,1133043
2017-03-01,60.17,60.17,59.02,59.65,1101760
2017-03-02,59.72,60.65,59.48,59.67,963983
2017-03-03,59.64,60.3799,59.12,60.29,989497
2017-03-06,59.94,60.2599,58.6266,59.32,698604
2017-03-07,59.29,60.66,59.2001,60.13,1083670
2017-03-08,60.25,61.5,60.08,60.91,875247
2017-03-09,61.06,62.53,60.7154,62.39,995871
2017-03-10,63.4,64.33,62.5,64.15,1218293
2017-03-13,64.38,65.21,63.96,64.93,1003686
2017-03-14,64.62,64.73,63.52,63.83,702122
2017-03-15,64.03,64.99,63.08,64.84,882649
2017-03-16,65.01,65.3,64.56,64.99,541341
2017-03-17,65.49,67.39,65.28,66.99,1496588
2017-03-20,67.36,68.916,67.2,68.86,1805857
2017-03-21,69.93,71.57,66.84,67.19,3631737
2017-03-22,66.97,67.48,64.75,66.71,1445771
2017-03-23,66.81,68.3,66.73,67.58,1307571
2017-03-24,68.01,70.108,67.69,68.98,1462331
2017-03-27,68.3,70.7499,67.33,70.4,1620953
2017-03-28,70.66,73.0,70.5509,72.37,1740647
2017-03-29,72.78,72.99,70.8,72.72,1565362
2017-03-30,72.69,72.865,68.72,69.05,3092466
2017-03-31,67.86,69.44,67.05,68.09,2664976
2017-04-03,68.16,69.349,67.22,69.23,1387865
2017-04-04,69.23,70.0,68.16,68.53,1013354
2017-04-05,68.85,69.64,67.73,67.89,1014120
2017-04-06,67.91,68.875,67.91,68.52,840183
2017-04-07,68.58,68.9824,68.28,68.71,474855
2017-04-10,69.09,70.06,68.75,69.28,996089
2017-04-11,69.12,69.7,67.45,69.06,965901
2017-04-12,69.0,70.07,68.931,69.25,761517
2017-04-13,69.33,71.88,69.0801,70.63,1642998
2017-04-17,71.46,72.26,70.78,71.7,1018927
2017-04-18,71.7,72.2,70.8625,71.58,824874
2017-04-19,71.9,73.5,71.7,72.64,1215562
2017-04-20,73.4,76.25,73.26,76.06,1667616
2017-04-21,77.62,77.79,74.97,76.38,1778587
2017-04-24,77.94,78.19,75.2,75.83,1565213
2017-04-25,76.03,76.76,74.46,76.65,1764959
2017-04-26,75.04,75.17,72.33,74.12,2013830
2017-04-27,73.39,74.4,71.27,73.09,1754571
2017-04-28,73.32,76.04,73.15,75.95,1903072
2017-05-01,75.7,77.78,74.82,77.26,2513414
2017-05-02,80.41,84.5799,77.5709,82.98,6148399
2017-05-03,81.79,83.56,80.72,81.72,2184618
2017-05-04,82.93,82.93,81.04,81.35,1398076
2017-05-05,81.72,85.82,81.72,85.53,1862100
2017-05-08,87.02,87.253,85.6,86.78,2035328
2017-05-09,87.25,91.13,86.85,89.15,2519354
2017-05-10,89.52,93.53,89.51,93.06,2264228
2017-05-11,93.25,93.56,88.8,92.02,2857497
2017-05-12,91.95,94.94,91.0,93.58,1814090
2017-05-15,94.44,95.88,93.51,94.24,2326854
2017-05-16,94.96,95.85,92.6,94.93,2276679
2017-05-17,93.05,93.25,89.57,89.84,3352952
2017-05-18,83.17,92.98,81.0,92.11,7979641
2017-05-19,90.6,91.89,87.5,88.87,7890913
2017-05-22,89.94,90.9,88.61,89.6,1796775
2017-05-23,90.86,91.25,89.6301,90.02,1991295
2017-05-24,90.19,91.5,90.07,90.81,1243993
2017-05-25,91.35,91.95,89.35,90.22,1496098
2017-05-26,90.26,91.11,90.0,90.74,1099760
2017-05-30,91.1,93.24,89.69,90.57,1970343
2017-05-31,90.88,92.28,88.92,91.86,2488734
2017-06-01,92.49,93.7,90.54,93.44,1830229
2017-06-02,93.7,97.85,93.45,97.53,3166286
2017-06-05,98.35,99.38,96.11,97.48,2128676
2017-06-06,96.96,99.78,96.37,98.61,1948681
2017-06-07,98.9,99.6,96.51,96.99,1832640
2017-06-08,97.28,98.86,95.64,98.84,1401234
2017-06-09,98.7,100.8,89.31,91.45,4656301
2017-06-12,90.01,90.38,82.51,88.89,5243870
2017-06-13,87.39,90.56,84.476,86.93,3955459
2017-06-14,87.47,88.2,84.43,85.36,2120968
2017-06-15,81.9,85.54,81.55,85.48,2896062
2017-06-16,86.96,88.19,85.68,86.93,2499184
2017-06-19,88.28,90.84,87.79,90.56,2183157
2017-06-20,91.11,91.85,88.61,88.94,1548913
2017-06-21,89.24,91.78,89.2,91.25,1497398
2017-06-22,91.32,92.11,90.27,91.37,1013323
2017-06-23,91.04,95.2,90.5,94.48,1462676
2017-06-26,95.11,96.98,90.27,92.04,1953806
2017-06-27,91.24,92.2,86.8,87.04,2175883
2017-06-28,87.83,89.59,85.51,89.52,2047922
2017-06-29,88.97,88.97,83.16,86.4,2720259
2017-06-30,85.86,88.0,85.64,86.9,1697178
2017-07-03,87.15,87.91,84.8,86.0,887246
2017-07-05,85.63,89.47,85.58,88.11,1784164
2017-07-06,86.64,87.83,85.81,86.21,1213032
2017-07-07,87.18,89.23,87.0,88.99,1022238
2017-07-10,89.1,91.48,88.288,90.99,1282377
2017-07-11,90.76,92.57,90.1722,91.29,1258826
2017-07-12,92.15,95.17,92.0,94.68,1760941
2017-07-13,95.74,96.8,92.51,93.02,1789952
2017-07-14,93.83,93.89,91.7,92.41,1021634
2017-07-17,92.22,93.3,89.634,90.49,1520636
2017-07-18,91.29,93.9032,90.11,93.18,1432397
2017-07-19,93.74,94.5,91.3,91.9,1381158
2017-07-20,92.43,92.83,90.19,90.87,961455
2017-07-21,90.45,91.26,89.33,89.42,1400768
2017-07-24,89.87,93.65,89.49,93.61,1465057
2017-07-25,93.56,93.65,90.7,92.16,1197465
2017-07-26,92.95,95.0,92.85,93.92,1163762
2017-07-27,94.7,95.5,88.64,90.43,2221040
2017-07-28,89.55,93.42,88.291,92.98,1414072
2017-07-31,93.67,94.52,91.36,92.37,2497744
2017-08-01,103.92,105.79,98.6,104.08,9672270
2017-08-02,104.5,104.54,97.29,98.35,4507849
2017-08-03,99.5,99.89,96.56,97.16,2285547
2017-08-04,97.32,98.44,96.03,96.28,1479469
2017-08-07,96.45,99.1,96.43,97.79,1077560
2017-08-08,97.93,98.9,96.0,96.51,1467379
2017-08-09,95.18,96.45,94.21,95.19,1750664
2017-08-10,94.48,94.48,88.21,88.4,3395313
2017-08-11,88.51,93.0,88.5,91.71,1949723
2017-08-14,93.29,95.5,93.25,94.06,1680637
2017-08-15,94.26,94.569,92.77,93.15,807308
2017-08-16,93.63,94.87,93.0101,94.61,749177
2017-08-17,94.39,95.72,93.47,93.5,1398357
2017-08-18,93.57,95.1478,93.021,94.58,988637
2017-08-21,94.58,96.47,94.5,96.27,1126499
2017-08-22,96.91,98.91,96.62,98.61,1357642
2017-08-23,97.82,102.8,97.14,102.46,2374294
2017-08-24,102.9,106.9,102.75,106.53,3377679
2017-08-25,106.83,107.0,102.75,103.74,1722794
2017-08-28,103.96,104.93,101.62,103.79,1111599
2017-08-29,101.7,105.0,101.33,104.37,1136691
2017-08-30,104.76,108.77,104.6,108.44,1538530
2017-08-31,109.26,111.57,108.31,110.92,1604341
2017-09-01,111.81,112.0,109.86,110.86,1022803
2017-09-05,109.97,112.0,108.03,110.67,1558624
2017-09-06,110.9,111.94,108.75,110.22,1140324
2017-09-07,110.47,113.53,110.14,113.46,1137125
2017-09-08,113.29,114.88,112.4,113.61,924465
2017-09-11,115.44,118.604,114.9,117.99,1423288
2017-09-12,118.94,120.82,116.88,120.5,1769409
2017-09-13,120.53,122.5,117.93,119.21,2006027
2017-09-14,119.33,121.0,116.61,120.2,1066379
2017-09-15,120.02,121.21,119.375,120.26,844021
2017-09-18,120.8,123.94,120.701,122.42,1373926
2017-09-19,123.33,123.88,122.14,122.94,785506
2017-09-20,122.82,123.63,117.4,119.29,1828318
2017-09-21,118.86,120.838,116.26,120.15,1288936
2017-09-22,119.67,121.46,118.53,120.27,760712
2017-09-25,119.85,119.88,113.51,114.47,2316433
2017-09-26,116.1,117.71,111.88,113.38,1806998
2017-09-27,114.94,118.69,114.1004,117.4,1579629
2017-09-28,117.52,117.68,115.12,116.45,888787
2017-09-29,116.61,117.76,115.3,116.49,866326
2017-10-02,117.0,119.67,116.74,119.0,1116716
2017-10-03,119.9,120.69,116.3256,116.81,1680355
2017-10-04,116.83,116.93,100.75,103.3,20874916
2017-10-05,97.53,103.43,93.31,100.43,19780742
2017-10-06,98.0,100.2,95.56,97.92,7779350
2017-10-09,96.52,98.49,96.04,97.38,2967719
2017-10-10,97.27,99.0,89.35,92.57,11371284
2017-10-11,91.91,96.67,91.9,95.02,6214555
2017-10-12,96.3,97.3,94.13,94.36,3517209
2017-10-13,94.4,95.2372,93.698,94.22,1760474
2017-10-16,94.5,97.2115,93.34,96.98,2952441
2017-10-17,97.0,97.51,95.4,96.21,2475409
2017-10-18,96.07,99.7,95.9,98.93,2497983
2017-10-19,98.17,98.5,96.25,98.25,1985816
2017-10-20,98.6,102.5,98.55,102.1,3292951
2017-10-23,103.09,104.14,101.4,102.91,2428673
2017-10-24,102.89,107.48,102.89,106.41,2878170
2017-10-25,107.25,108.53,100.701,102.97,4091933
2017-10-26,103.01,105.5,102.72,104.11,1566357
2017-10-27,106.69,108.0,105.2,107.27,2341762
2017-10-30,108.29,109.45,105.17,109.36,3244263
2017-10-31,101.38,104.81,94.51,99.49,12927067
2017-11-01,99.74,100.5,95.0,96.2,5505055
2017-11-02,95.05,100.81,95.0145,99.89,2679208
2017-11-03,100.76,101.905,98.52,98.71,1968741
2017-11-06,100.0,100.8,99.0,99.84,1383931
2017-11-07,99.11,100.48,98.31,99.71,1089384
2017-11-08,99.03,99.99,98.515,99.4,862555
2017-11-09,98.37,98.65,95.55,97.03,1677486
2017-11-10,96.79,100.88,96.5075,100.01,1754147
2017-11-13,99.02,99.25,97.77,98.77,1046154
2017-11-14,97.56,99.98,97.48,98.97,850719
2017-11-15,97.24,99.42,97.2,98.04,922413
2017-11-16,98.66,104.77,98.52,103.89,2765602
2017-11-17,104.12,105.694,103.2327,104.89,1230604
2017-11-20,105.0,108.98,104.89,108.56,2098089
2017-11-21,110.03,112.38,109.65,110.17,1905245
2017-11-22,110.5,111.5218,107.56,110.41,996821
2017-11-24,111.09,112.63,110.6001,111.81,649894
2017-11-27,114.51,117.07,113.195,113.36,2331378
2017-11-28,114.06,114.1466,110.51,112.09,1390501
2017-11-29,111.61,111.88,100.59,103.67,3829989
2017-11-30,105.61,105.815,103.15,103.82,1160096
2017-12-01,103.9,104.77,100.1,103.27,1416398
2017-12-04,105.27,105.27,96.19,96.62,2740116
2017-12-05,95.3,98.58,92.4101,95.28,2454178
2017-12-06,94.9,96.62,93.821,95.77,1404171
2017-12-07,96.52,99.97,96.1082,99.79,1599104
2017-12-08,102.12,102.96,99.87,100.77,1315744
2017-12-11,101.29,105.115,101.29,104.11,1393664
2017-12-12,101.5,104.0,100.5,101.4,1083699
2017-12-13,101.88,104.22,101.86,103.21,932931
2017-12-14,103.63,104.65,102.801,103.23,616965
2017-12-15,103.63,106.35,102.8,105.22,1246447
2017-12-18,106.41,108.04,106.34,107.62,1254172
2017-12-19,107.63,107.63,105.61,105.73,831078
2017-12-20,106.67,106.84,103.61,105.24,641322
2017-12-21,105.78,106.59,104.56,104.8,478478
2017-12-22,104.13,104.55,102.13,103.86,590409
2017-12-26,102.41,105.39,101.55,104.84,404361
2017-12-27,104.83,105.2,103.32,104.5,478328
2017-12-28,104.79,105.22,101.59,102.39,663133
2017-12-29,102.52,102.55,100.4,101.0,776232
2018-01-02,101.59,105.72,101.02,105.49,1395289
2018-01-03,106.36,108.12,106.17,107.75,1162802
2018-01-04,108.33,110.06,107.21,109.95,1160999
2018-01-05,110.55,111.77,109.02,110.58,771047
2018-01-08,109.99,112.69,109.99,112.35,748802
2018-01-09,112.35,113.67,109.73,110.73,744664
2018-01-10,109.7,111.46,109.0,111.0,668180
2018-01-11,111.07,111.75,110.5,111.13,639976
2018-01-12,111.29,114.5,111.09,112.8,845996
2018-01-16,114.65,114.66,111.18,111.92,1175528
2018-01-17,112.56,115.84,111.48,114.91,1226476
2018-01-18,114.48,116.73,114.07,114.8,697662
2018-01-19,115.1,115.81,114.6,115.48,692931
2018-01-22,115.44,119.65,115.44,119.43,1180366
2018-01-23,119.71,120.06,115.8,118.69,1135181
2018-01-24,119.75,121.95,118.25,119.67,1023774
2018-01-25,121.0,126.24,120.33,124.9,1940557
2018-01-26,126.36,130.47,124.0,129.07,2037422
2018-01-29,129.7,129.97,125.22,127.3,1721470
2018-01-30,121.7,125.83,119.09,124.21,1737938
2018-01-31,126.12,128.59,125.58,127.92,1217510
2018-02-01,127.03,131.159,125.7,126.28,1168111
2018-02-02,125.5,128.68,123.8,125.12,1371170
2018-02-05,120.57,127.285,118.3,118.3,2324194
2018-02-06,113.81,122.7,112.06,122.14,2705861
2018-02-07,122.75,127.7,121.41,123.34,1696012
2018-02-08,124.5,127.07,118.5,118.51,2102341
2018-02-09,120.74,123.93,114.16,119.55,2882546
2018-02-12,123.3,128.95,122.174,127.94,2702853
2018-02-13,127.75,130.42,125.13,126.06,1987834
2018-02-14,125.1,138.16,125.02,137.56,4236825
2018-02-15,135.0,140.75,130.3,137.95,5776463
2018-02-16,135.49,138.66,134.11,137.53,2235332
2018-02-20,136.83,146.12,136.62,142.78,2714600
2018-02-21,136.75,137.34,132.77,132.9,5361191
2018-02-22,133.96,136.525,133.2,134.18,2410388
2018-02-23,135.49,137.0,133.1,137.0,1622657
2018-02-26,137.52,138.32,135.14,136.27,1462636
2018-02-27,136.57,139.44,135.59,137.66,1483257
2018-02-28,139.29,140.5,137.93,138.21,1394962
2018-03-01,137.0,139.15,133.32,136.85,1802836
2018-03-02,135.0,137.5,134.47,136.75,1178770
2018-03-05,135.17,139.85,134.0,139.29,2026987
2018-03-06,140.15,143.37,139.72,141.51,1352423
2018-03-07,139.95,144.44,139.0,143.68,1486267
2018-03-08,144.62,148.02,144.62,147.41,1925242
2018-03-09,149.42,150.47,147.62,149.16,1418678
2018-03-12,149.73,150.15,147.38,148.15,791314
2018-03-13,148.6,148.753,144.51,145.32,1115615
2018-03-14,145.61,148.12,143.88,146.25,971482
2018-03-15,147.75,149.0,146.2,147.41,866277
2018-03-16,147.21,148.14,145.36,147.22,639552
2018-03-19,145.9,148.19,142.93,145.62,1017626
2018-03-20,145.44,154.82,145.0,153.11,1904380
2018-03-21,153.54,154.0,148.26,149.4,1650241
2018-03-22,147.51,152.8,145.33,145.45,1812936
2018-03-23,145.98,147.66,141.0,141.66,1856714
2018-03-26,145.26,147.82,130.5,136.72,5249818
2018-03-27,136.25,139.13,127.21,128.82,2833288
2018-03-28,127.5,127.75,120.68,121.6,3657489
2018-03-29,120.9,126.28,118.57,124.59,2966567
2018-04-02,124.71,127.5,120.3,122.08,1843422
2018-04-03,124.0,125.48,117.8,119.37,1823985
2018-04-04,114.11,121.35,112.5,120.67,1486729
2018-04-05,123.75,125.52,119.6,120.14,1239918
2018-04-06,118.77,120.79,115.96,117.42,1089927
2018-04-09,119.15,123.71,118.1,118.95,1788554
2018-04-10,122.45,123.49,118.95,122.87,1628199
2018-04-11,121.99,124.2,119.36,119.53,1203220
2018-04-12,120.56,121.249,119.13,120.75,1998510
2018-04-13,122.0,122.19,116.24,117.51,4578266
2018-04-16,117.83,118.0,113.68,116.94,2108661
2018-04-17,118.0,127.32,117.91,125.96,2706788
2018-04-18,126.32,128.31,123.26,127.56,1770983
2018-04-19,126.12,129.58,125.575,126.67,1356583
2018-04-20,126.5,127.6,125.285,126.79,1670341
2018-04-23,127.19,127.22,121.15,122.91,2039504
2018-04-24,123.9,126.85,121.51,123.14,1921184
2018-04-25,123.0,123.33,118.545,120.02,1214753
2018-04-26,121.98,125.52,121.98,124.15,1376171
2018-04-27,126.77,127.1,124.2,126.62,1703850
2018-04-30,128.0,134.43,127.01,133.63,3840393
2018-05-01,125.08,128.1,118.81,127.68,7356537
2018-05-02,126.85,129.74,122.48,124.81,2964527
2018-05-03,124.81,135.53,124.25,135.17,3316518
2018-05-04,134.8,138.261,132.63,136.13,1933990
2018-05-07,137.79,139.05,136.59,138.56,1364210
2018-05-08,139.47,146.05,138.61,143.31,2310235
2018-05-09,144.0,146.475,143.0,146.1,1534212
2018-05-10,146.4,146.97,145.71,146.23,1162244
2018-05-11,146.33,146.67,142.71,144.47,1161644
2018-05-14,145.3,148.29,142.23,142.64,1479461
2018-05-15,145.3,145.3,137.63,142.5,1140679
2018-05-16,143.02,144.63,142.11,142.28,713323
2018-05-17,142.22,146.618,141.9,146.1,1440163
2018-05-18,145.26,147.7,144.73,147.06,1035823
2018-05-21,148.73,150.97,143.42,144.51,1564005
2018-05-22,140.7,142.99,137.31,138.75,2760505
2018-05-23,138.0,141.25,137.5,140.83,997155
2018-05-24,140.49,143.68,140.25,143.05,909404
2018-05-25,143.05,144.66,142.68,143.64,654156
2018-05-29,143.32,145.32,141.8,143.29,857444
2018-05-30,144.0,146.8,143.691,145.84,765700
2018-05-31,146.11,149.98,145.52,148.09,1431755
2018-06-01,149.5,151.655,147.54,150.8,1307774
2018-06-04,151.93,157.86,151.75,156.91,1622370
2018-06-05,157.12,162.0,156.84,161.06,1394385
2018-06-06,162.05,165.77,160.26,165.36,1399629
2018-06-07,166.0,166.01,158.88,161.26,1738804
2018-06-08,159.55,163.83,158.5,162.81,1056908
2018-06-11,163.2,164.904,160.03,160.24,1079386
2018-06-12,160.33,165.89,160.13,165.24,1378086
2018-06-13,165.0,171.13,163.81,165.09,2156042
2018-06-14,166.22,168.86,166.0,167.94,1125660
2018-06-15,166.65,169.358,164.65,168.44,841690
2018-06-18,167.0,172.92,166.796,172.84,1265183
2018-06-19,169.8,172.51,167.07,170.61,1092683
2018-06-20,173.67,175.11,172.21,172.25,965447
2018-06-21,173.48,173.841,164.35,164.54,1764265
2018-06-22,166.52,166.68,160.07,162.53,1237108
2018-06-25,160.0,160.0,151.05,153.21,2180750
2018-06-26,155.75,158.726,154.115,155.01,1815488
2018-06-27,155.52,156.2,144.28,144.7,3247198
2018-06-28,143.17,147.83,140.4,146.55,1881039
2018-06-29,147.82,149.948,145.35,145.89,1204994
2018-07-02,142.71,149.57,141.37,149.42,880790
2018-07-03,149.179,151.95,147.254,150.5,1060821
2018-07-05,153.15,153.77,149.96,152.68,914872
2018-07-06,152.91,157.34,152.0,156.81,1075884
2018-07-09,158.79,160.4,154.24,158.45,997018
2018-07-10,158.62,160.365,157.81,158.98,776518
2018-07-11,157.48,161.97,156.27,160.98,745537
2018-07-12,162.58,168.2,162.11,167.5,995816
2018-07-13,167.72,168.115,163.74,166.18,877304
2018-07-16,166.13,169.4,164.8,165.35,1262298
2018-07-17,161.71,170.3,161.05,169.0,1200603
2018-07-18,169.25,171.48,167.031,170.48,851627
2018-07-19,170.0,172.1,168.18,171.75,829130
2018-07-20,172.0,175.29,171.3,171.75,1281945
2018-07-23,171.95,174.132,169.0,173.26,839688
2018-07-24,174.84,176.599,166.63,168.34,1541473
2018-07-25,167.91,174.03,165.57,173.78,1270706
2018-07-26,169.33,172.24,168.65,170.29,1158482
2018-07-27,172.35,172.35,159.26,160.15,2106469
2018-07-30,159.8,160.47,147.33,148.08,2745106
2018-07-31,138.52,143.77,133.261,138.21,7920596
2018-08-01,138.68,140.219,134.89,136.36,2405198
2018-08-02,134.58,144.21,132.63,143.92,2724855
2018-08-03,145.0,145.47,140.83,141.87,1617437
2018-08-06,141.91,142.41,138.0,142.04,1196392
2018-08-07,143.15,146.639,141.17,141.68,1013032
2018-08-08,142.67,144.14,140.85,142.7,821812
2018-08-09,142.21,147.14,142.2,146.44,875245
2018-08-10,145.09,151.18,144.15,149.22,1322480
2018-08-13,149.35,151.01,142.41,142.87,1284058
2018-08-14,144.2,145.74,141.55,144.38,1228427
2018-08-15,142.58,144.56,137.11,138.92,1820278
2018-08-16,140.78,142.11,138.85,139.16,921012
2018-08-17,138.92,140.24,135.79,137.19,1258852
2018-08-20,138.0,138.334,132.85,135.97,1517129
2018-08-21,135.12,137.78,133.26,133.44,1425409
2018-08-22,132.34,138.5,132.34,137.63,1265188
2018-08-23,138.04,140.91,137.05,137.49,1041995
2018-08-24,139.6,141.5,138.471,140.58,1213143
2018-08-27,141.85,144.75,139.0,144.04,1386366
2018-08-28,145.6,146.05,142.75,145.0,1289460
2018-08-29,145.39,146.5,143.77,145.15,953275
2018-08-30,144.6,146.484,143.281,144.81,812326
2018-08-31,143.89,146.26,143.39,145.67,669084
2018-09-04,146.1,146.93,143.61,146.34,912133
2018-09-05,143.67,144.125,136.5,139.97,2362643
2018-09-06,139.71,140.455,132.35,134.13,1825445
2018-09-07,131.27,141.18,130.6,140.64,2039504
2018-09-10,141.34,142.55,139.05,142.13,1062251
2018-09-11,141.5,148.03,140.391,147.76,1321781
2018-09-12,147.76,153.77,146.22,153.13,1711168
2018-09-13,154.0,158.5,153.95,155.5,1259799
2018-09-14,156.99,158.895,153.563,154.77,1247034
2018-09-17,157.92,159.43,153.45,153.63,1654245
2018-09-18,154.5,164.2,154.5,162.28,1706604
2018-09-19,164.0,166.5,161.515,164.6,1637795
2018-09-20,165.38,168.95,164.5,167.17,1378269
2018-09-21,166.7,168.16,160.61,161.52,2146356
2018-09-24,159.56,165.33,157.4,162.18,892984
2018-09-25,163.37,165.14,159.0,161.11,1579839
2018-09-26,162.52,164.8,159.88,162.0,860636
2018-09-27,162.26,164.71,162.02,164.45,604290
2018-09-28,164.19,167.79,163.06,164.46,789377
2018-10-01,166.44,166.86,162.51,163.42,868440
2018-10-02,162.46,164.0,155.97,156.6,1566506
2018-10-03,157.51,162.36,157.19,160.2,909629
2018-10-04,159.48,160.199,147.8,148.91,1929924
2018-10-05,149.09,151.41,141.07,145.6,1691341
2018-10-08,143.22,145.532,138.09,140.49,1242025
2018-10-09,140.4,143.18,138.755,140.22,1055758
2018-10-10,139.64,139.951,128.01,130.1,2686349
2018-10-11,126.69,133.98,126.68,128.39,2076005
2018-10-12,135.16,136.97,130.25,135.2,2034632
2018-10-15,134.99,137.0,132.09,135.7,1114240
2018-10-16,138.68,146.07,138.41,145.83,1391090
2018-10-17,146.0,146.5,133.87,137.37,3149047
2018-10-18,136.78,140.14,133.56,134.78,1595411
2018-10-19,135.68,137.381,126.2,127.07,2229598
2018-10-22,128.39,135.59,125.643,134.37,2356158
2018-10-23,128.34,133.2,126.71,132.16,2366928
2018-10-24,133.115,134.6,122.05,122.27,2315198
2018-10-25,131.36,138.34,128.5,136.99,4484735
2018-10-26,129.61,138.34,128.45,132.95,2830907
2018-10-29,136.83,137.68,125.08,128.5,2156117
2018-10-30,125.35,132.36,122.8,129.14,3029146
2018-10-31,132.5,138.65,130.53,138.15,2118848
2018-11-01,138.77,145.09,135.67,144.35,1796542
2018-11-02,144.35,148.92,142.26,145.55,1947585
2018-11-05,143.95,145.0,139.76,141.03,1222604
2018-11-06,141.78,143.81,139.0,140.93,831870
2018-11-07,144.13,149.5,143.14,148.19,1528924
2018-11-08,148.21,150.838,146.39,149.54,1300045
2018-11-09,147.29,147.29,138.6,140.9,1726873
2018-11-12,139.29,139.31,130.9,135.54,1686958
2018-11-13,136.5,140.54,134.17,138.78,1404568
2018-11-14,140.94,144.5,139.61,142.76,1359416
2018-11-15,142.52,151.27,141.5,150.09,1868315
2018-11-16,146.67,151.51,145.13,151.02,1218451
2018-11-19,150.3,151.21,133.59,133.75,2248507
2018-11-20,122.52,136.42,122.0,134.35,2195653
2018-11-21,138.97,140.12,132.46,132.61,1252866
2018-11-23,131.27,136.1999,129.6455,134.81,673109
2018-11-26,137.88,144.52,137.48,144.44,1581509
2018-11-27,142.0,146.9,141.79,144.47,1056068
2018-11-28,146.41,150.02,145.01,149.96,1255759
2018-11-29,150.0,151.46,146.251,149.04,1133728
2018-11-30,149.03,152.89,147.8,152.66,1071739
2018-12-03,156.56,159.1,154.0,156.39,1496159
2018-12-04,155.0,159.1,149.35,150.2,1481399
2018-12-06,143.09,157.27,142.3,156.9,1639949
2018-12-07,156.98,159.9,145.2,146.88,1636718
2018-12-10,146.07,151.59,143.91,151.5,1247600
2018-12-11,154.96,158.83,153.11,154.67,1530756
2018-12-12,157.99,163.77,157.44,160.09,1411794
2018-12-13,160.98,164.13,159.49,161.06,1238741
2018-12-14,147.97,149.02,140.0,140.17,6374065
2018-12-17,139.92,139.92,128.79,129.66,5015946
2018-12-18,133.63,136.2,131.61,134.39,2575018
2018-12-19,135.0,140.53,131.69,133.19,2690467
2018-12-20,131.21,134.961,121.5,127.71,3429462
2018-12-21,128.3,128.63,121.85,122.41,2483392
2018-12-24,118.95,122.87,117.64,119.1,1306046
2018-12-26,121.38,130.55,121.38,130.21,1627329
2018-12-27,126.44,132.6,125.04,132.4,1461140
2018-12-28,134.12,136.13,129.42,133.46,1376467
2018-12-31,136.02,140.534,135.0718,138.45,1684186
2019-01-02,134.0,139.14,131.17,137.6,1232609
2019-01-03,134.76,136.26,129.48,129.79,1219484
2019-01-04,134.51,139.5,133.16,138.06,1366224
2019-01-07,139.65,145.85,138.74,144.39,1260335
2019-01-08,147.64,149.82,144.01,145.44,1367702
2019-01-09,146.5,150.33,144.4,148.62,1275932
2019-01-10,146.31,149.97,144.58,148.27,965306
2019-01-11,147.31,150.0,146.71,149.43,685277
2019-01-14,147.27,149.93,144.69,149.1,1455641
2019-01-15,149.59,155.54,149.59,154.3,1638210
2019-01-16,155.7,158.59,153.3,158.25,2142307
2019-01-17,156.6,159.98,155.82,157.69,1242836
2019-01-18,160.0,160.23,157.69,158.43,1142919
2019-01-22,157.23,158.57,154.1,156.28,1036711
2019-01-23,158.2,160.2,154.48,156.6,793479
2019-01-24,156.48,159.4,156.25,158.41,655234
2019-01-25,160.0,163.64,159.785,162.82,980531
2019-01-28,159.68,161.182,158.38,159.44,807220
2019-01-29,160.0,160.5,154.52,157.11,1040872
2019-01-30,159.97,162.98,158.0,162.43,712670
2019-01-31,162.47,169.6,161.92,168.47,1661890
2019-02-01,168.36,171.0,167.51,170.59,1248402
2019-02-04,170.62,174.65,170.26,173.55,1171975
2019-02-05,173.65,176.88,173.36,173.57,969937
2019-02-06,172.37,174.5,170.7,173.6,736356
2019-02-07,171.28,174.18,171.088,171.8,1408195
2019-02-08,170.22,176.99,169.6,175.95,979538
2019-02-11,178.05,180.0,172.935,173.17,2220127
2019-02-12,163.65,175.89,160.63,175.55,5927954
2019-02-13,178.19,180.0,171.04,172.02,2982687
2019-02-14,171.09,177.24,169.56,176.52,1607552
2019-02-15,177.1,178.72,173.71,178.19,1129238
2019-02-19,177.04,185.07,177.04,181.3,2283002
2019-02-20,181.65,184.19,177.46,179.21,1330648
2019-02-21,179.64,180.359,177.18,178.47,974432
2019-02-22,180.0,183.66,179.3568,183.63,1017626
2019-02-25,185.82,188.76,184.48,187.5,1271590
2019-02-26,186.08,187.93,183.85,185.03,1045439
2019-02-27,185.17,189.26,184.8,189.2,908369
2019-02-28,188.28,191.13,187.49,189.15,865437
2019-03-01,190.85,192.78,189.292,191.52,1126316
2019-03-04,192.38,194.803,182.37,186.47,1606181
2019-03-05,186.57,189.16,184.35,187.5,1005847
2019-03-06,187.5,188.77,184.11,187.37,723914
2019-03-07,186.51,190.38,184.8,186.94,734927
2019-03-08,182.18,190.0,181.0,189.76,1262744
2019-03-11,190.99,200.74,190.99,200.39,2058483
2019-03-12,201.0,203.79,197.05,202.47,1328974
2019-03-13,203.5,206.95,202.36,205.51,1177523
2019-03-14,204.32,209.59,203.39,208.23,1219034
2019-03-15,208.87,209.41,203.6198,205.98,2337628
2019-03-18,204.5,205.92,201.45,205.77,1248797
2019-03-19,207.7,208.0,197.653,202.09,2215400
2019-03-20,200.53,203.1,198.73,201.34,1401642
2019-03-21,200.32,205.2,198.815,205.0,1721076
2019-03-22,204.4,204.69,198.61,198.75,1530089
2019-03-25,198.05,202.75,196.47,201.45,1257642
2019-03-26,203.63,207.41,202.73,204.37,1165975
2019-03-27,205.66,205.72,196.61,200.08,1020415
2019-03-28,200.83,203.75,197.0,203.45,1119737
2019-03-29,205.88,207.5,203.19,206.62,810360
2019-04-01,208.43,210.1,203.12,206.04,1103231
2019-04-02,205.6,206.05,198.45,201.46,2454856
2019-04-03,201.98,205.8,198.89,205.12,2011024
2019-04-04,204.54,205.01,190.38,194.75,4764819
2019-04-05,195.59,198.02,194.89,196.65,1489933
2019-04-08,196.65,200.89,195.32,200.24,1291294
2019-04-09,198.26,204.22,197.341,203.96,1248203
2019-04-10,204.36,207.44,202.51,206.5,880257
2019-04-11,207.58,211.54,206.31,210.99,1334716
2019-04-12,212.82,214.93,212.11,214.83,1196951
2019-04-15,214.83,219.9,213.62,218.03,1759760
2019-04-16,219.78,221.82,213.61,215.4,1338197
2019-04-17,216.8,218.33,211.31,217.05,1064181
2019-04-18,217.13,220.78,213.13,220.72,1287694
2019-04-22,220.0,225.99,219.17,224.29,1316576
2019-04-23,226.5,227.39,222.1,223.44,1881306
2019-04-24,224.6,224.6,218.624,219.81,2023317
2019-04-25,220.69,222.19,216.62,218.97,1667464
2019-04-26,219.0,225.18,219.0,222.28,1388701
2019-04-29,225.33,228.74,223.53,225.79,1940327
2019-04-30,226.44,247.5,226.44,243.53,6223409
2019-05-01,242.85,252.302,237.39,245.16,3186659
2019-05-02,245.88,260.82,245.5,255.54,4054159
2019-05-03,259.0,266.4,254.79,264.03,3349941
2019-05-06,257.2,266.72,255.12,265.52,2916946
2019-05-07,264.36,266.5,254.7,258.69,2589364
2019-05-08,258.7,264.62,257.51,261.51,1847475
2019-05-09,258.88,261.36,254.12,260.62,1831284
2019-05-10,260.43,262.99,252.64,258.83,1675280
2019-05-13,247.91,253.063,245.62,250.79,1938822
2019-05-14,245.0,254.02,242.23,253.15,2097137
2019-05-15,250.61,265.42,250.04,264.16,1931635
2019-05-16,265.36,279.48,265.1,278.01,2975667
2019-05-17,276.68,279.44,271.58,273.5,1667475
2019-05-20,270.03,273.0,264.74,267.19,1856148
2019-05-21,272.04,273.598,269.51,272.81,1110351
2019-05-22,271.71,280.95,271.39,279.0,1252042
2019-05-23,275.0,277.98,268.0,271.62,1530324
2019-05-24,274.5,278.88,272.515,275.85,1163667
2019-05-28,278.35,285.96,278.3,282.43,1538915
2019-05-29,280.0,280.3,270.52,272.68,1673842
2019-05-30,275.1,277.82,270.8,277.05,1290936
2019-05-31,273.36,278.97,272.16,274.9,1087785
2019-06-03,274.28,277.51,262.17,265.0,2535764
2019-06-04,268.47,274.1,264.11,274.0,1603045
2019-06-05,277.22,292.86,277.12,292.52,2342135
2019-06-06,291.84,299.11,289.01,297.06,1867314
2019-06-07,298.66,309.37,298.4,305.05,2344717
2019-06-10,309.15,315.6,304.44,306.73,1716089
2019-06-11,309.6,311.51,298.57,306.71,1847784
2019-06-12,304.48,312.7,302.0,310.14,1124636
2019-06-13,312.91,314.095,305.64,306.99,1043365
2019-06-14,305.41,306.42,301.94,305.11,751400
2019-06-17,304.45,307.88,303.05,305.85,703460
2019-06-18,310.0,311.38,303.74,304.21,1104873
2019-06-19,305.51,327.69,302.4,327.02,2980158
2019-06-20,331.5,338.94,326.0,328.01,3108849
2019-06-21,328.0,331.37,324.1,326.85,1445982
2019-06-24,323.34,324.48,311.05,311.83,2179641
2019-06-25,306.99,309.63,281.75,284.04,4958019
2019-06-26,289.02,295.52,281.69,289.03,2333998
2019-06-27,290.5,302.44,289.5,300.96,1814541
2019-06-28,303.3,304.29,292.34,300.15,1500894
2019-07-01,308.6,308.77,300.33,304.68,1347161
2019-07-02,305.39,314.66,305.0,311.96,1298920
2019-07-03,310.89,318.34,310.28,313.33,966376
2019-07-05,311.01,313.93,303.41,313.72,1318317
2019-07-08,314.44,329.8,312.96,321.0,2548736
2019-07-09,322.41,324.43,319.5,321.98,1740720
2019-07-10,324.53,326.99,318.51,319.01,1276041
2019-07-11,319.0,319.789,314.24,315.0,1238336
2019-07-12,315.0,315.778,302.57,310.02,2024795
2019-07-15,309.94,324.29,306.017,324.02,1841285
2019-07-16,323.66,324.8,315.87,317.39,1337230
2019-07-17,319.32,336.95,319.033,325.32,3748236
2019-07-18,325.75,333.26,322.61,331.15,1699809
2019-07-19,333.15,339.0,329.68,330.0,1478876
2019-07-22,331.92,340.836,331.51,335.24,1872241
2019-07-23,337.0,338.96,328.6,330.22,1664091
2019-07-24,330.51,331.826,324.11,329.57,1888944
2019-07-25,330.91,338.74,327.746,333.34,1498399
2019-07-26,332.94,338.97,332.32,336.54,1120167
2019-07-29,336.35,337.03,313.531,319.71,2223358
2019-07-30,314.0,322.34,310.36,314.3,1776142
2019-07-31,316.51,320.98,310.36,317.88,1836337
2019-08-01,334.01,350.79,328.01,341.39,4612775
2019-08-02,341.23,341.23,322.67,332.19,1980590
2019-08-05,313.87,327.5,313.39,321.39,2391317
2019-08-06,327.41,333.38,324.4,332.67,1772631
2019-08-07,330.08,342.83,328.53,341.31,1767876
2019-08-08,344.01,358.58,342.34,357.81,1885171
2019-08-09,354.5,371.63,354.25,369.95,2361361
2019-08-12,367.0,372.36,361.25,366.73,2027160
2019-08-13,364.0,370.7,355.33,369.23,1933410
2019-08-14,360.37,366.94,347.55,352.8,2397704
2019-08-15,355.0,359.5,347.68,351.07,1582220
2019-08-16,356.09,361.07,351.458,358.74,1320625
2019-08-19,363.74,365.91,359.11,361.83,1200717
2019-08-20,361.46,376.3,359.32,374.97,2073856
2019-08-21,381.43,391.45,377.5,389.83,2424814
2019-08-22,391.88,392.83,380.02,388.54,2087511
2019-08-23,387.99,401.164,381.25,382.75,2912799
2019-08-26,388.61,397.96,384.12,395.96,1998223
2019-08-27,402.7,409.61,398.5,406.99,2808261
2019-08-28,406.37,407.88,390.82,394.8,2745970
2019-08-29,402.25,403.0,391.71,391.71,2411182
2019-08-30,393.62,394.44,371.73,385.39,2926348
2019-09-03,384.0,392.8,380.2,383.91,1978878
2019-09-04,389.7,391.49,382.5,386.49,1340621
2019-09-05,387.7,392.995,380.38,392.72,2219423
2019-09-06,393.49,395.75,380.14,380.42,1720425
2019-09-09,384.02,384.02,350.325,358.67,4511098
2019-09-10,352.5,355.31,335.09,337.24,5245442
2019-09-11,338.4,350.7,336.1,347.51,3208445
2019-09-12,354.97,360.82,351.11,356.63,3075274
2019-09-13,356.53,357.5,337.64,338.31,2673548
2019-09-16,328.51,343.45,324.51,337.93,2819772
2019-09-17,324.59,334.73,323.43,328.82,5552392
2019-09-18,331.07,331.89,317.55,325.85,2712059
2019-09-19,328.34,331.85,321.22,325.0,1800366
2019-09-20,324.99,330.9,312.0,318.82,2791858
2019-09-23,317.78,325.47,310.714,313.26,2497285
2019-09-24,313.56,315.84,287.57,295.47,5297548
2019-09-25,292.0,315.825,286.07,314.6,5493717
2019-09-26,314.82,316.19,302.36,313.14,2943089
2019-09-27,314.0,316.4,301.71,305.69,2191366
2019-09-30,304.69,316.49,302.03,311.66,2072021
2019-10-01,311.66,320.0,308.8,313.22,2015939
2019-10-02,309.64,311.17,300.7,310.36,2214528
2019-10-03,311.44,326.6,304.176,325.57,3141811
2019-10-04,327.47,330.45,320.1,327.2,2765801
2019-10-07,326.82,331.57,322.16,326.32,1408572
2019-10-08,322.5,325.69,310.8,311.05,1975412
2019-10-09,313.5,316.71,311.67,313.85,1454859
2019-10-10,314.47,329.29,311.01,324.47,2182136
2019-10-11,330.87,337.33,324.46,329.26,2269685
2019-10-14,328.99,346.03,328.67,344.3,2126565
2019-10-15,347.1,349.44,343.7,346.08,2038192
2019-10-16,342.01,343.65,322.24,323.64,2492591
2019-10-17,326.5,333.92,324.0,331.34,1687252
2019-10-18,332.0,335.0,312.13,314.34,2667599
2019-10-21,317.0,326.56,311.61,319.73,1805982
2019-10-22,323.5,326.8,295.3,299.69,3096533
2019-10-23,298.21,309.772,291.06,297.14,2371194
2019-10-24,301.96,324.24,301.03,323.34,3169242
2019-10-25,316.72,321.36,309.12,317.45,2252026
2019-10-28,322.49,329.18,312.82,324.93,2856327
2019-10-29,306.0,321.88,298.64,312.52,5361103
2019-10-30,313.32,319.94,308.46,319.12,2054044
2019-10-31,316.41,319.85,308.74,313.57,1789997
2019-11-01,316.25,322.08,312.87,316.76,1603832
2019-11-04,318.38,321.0,303.77,307.91,2627159
2019-11-05,308.09,309.05,294.462,295.5,2823771
2019-11-06,296.92,300.7,291.51,295.02,1640979
2019-11-07,295.55,297.49,282.44,285.75,2451642
2019-11-08,282.08,298.81,282.08,297.64,2480828
2019-11-11,296.04,305.2,293.46,303.32,1749107
2019-11-12,301.82,310.749,301.82,305.56,1676390
2019-11-13,305.0,314.84,302.64,314.31,1975848
2019-11-14,314.32,319.89,309.355,312.45,1679698
2019-11-15,314.93,315.31,309.7,312.38,1046225
2019-11-18,312.73,325.83,310.35,322.98,1745873
2019-11-19,323.23,325.78,314.51,316.28,1448773
2019-11-20,314.38,325.118,312.0,317.05,1668719
2019-11-21,317.5,321.98,314.2,316.07,1360181
2019-11-22,318.76,320.0,309.733,314.52,1126097
2019-11-25,315.09,318.74,312.32,317.07,1374074
2019-11-26,317.94,337.17,317.08,336.19,2882966
2019-11-27,337.51,342.65,330.08,341.0,2413548
2019-11-29,339.9,344.0,335.51,336.75,1206749
2019-12-02,336.0,336.0,311.532,330.84,2987576
2019-12-03,321.01,351.31,320.0,350.66,3274704
2019-12-04,350.0,376.91,349.51,372.0,5605506
2019-12-05,371.03,376.59,360.26,363.59,3241444
2019-12-06,367.8,372.29,360.75,364.6,2199188
2019-12-09,365.18,381.11,364.0,369.79,4074292
2019-12-10,373.51,373.97,364.546,368.0,1514676
2019-12-11,368.41,374.5,365.51,373.08,1822153
2019-12-12,372.0,376.3,364.91,372.05,2169866
2019-12-13,370.45,392.0,370.45,385.57,3256640
2019-12-16,389.74,396.67,383.0,393.63,2621364
2019-12-17,393.0,397.0,380.63,387.95,2463922
2019-12-18,391.02,404.8,390.535,396.94,3070566
2019-12-19,395.59,401.98,391.27,393.06,1940884
2019-12-20,393.05,398.696,387.51,390.07,1684042
2019-12-23,392.87,398.71,388.03,389.13,1428847
2019-12-24,389.81,400.64,386.14,399.39,1527287
2019-12-26,402.76,416.6,402.4,408.75,2349714
2019-12-27,411.51,415.8,403.11,408.0,1913251
2019-12-30,408.38,409.32,392.11,396.36,1826899
2019-12-31,394.96,403.94,391.01,397.58,1122201
2020-01-02,403.99,408.24,398.36,407.81,1396103
2020-01-03,401.6,408.403,397.0,404.29,1031684
2020-01-06,398.59,413.52,395.42,413.33,1685997
2020-01-07,415.75,422.48,410.12,414.5,1553231
2020-01-08,413.93,422.545,411.86,418.1,1550099
2020-01-09,423.1,431.71,421.79,430.2,1784264
2020-01-10,432.49,438.56,427.67,429.17,1804069
2020-01-13,434.99,446.745,433.75,440.25,1999641
2020-01-14,442.77,445.92,430.5,441.22,1505472
2020-01-15,441.92,453.0,441.22,448.51,1631126
2020-01-16,452.74,453.78,446.64,451.3,1467558
2020-01-17,452.73,458.91,452.0,454.88,1869233
2020-01-21,454.99,472.86,454.09,465.44,2138589
2020-01-22,470.0,476.786,463.17,464.76,2356666
2020-01-23,464.77,473.0,460.0,469.25,2444079
2020-01-24,474.0,476.51,457.83,465.48,2139960
2020-01-27,447.62,459.9,436.74,451.11,2244579
2020-01-28,453.5,468.67,451.1,467.66,1534475
2020-01-29,473.39,480.046,470.45,471.67,1808468
2020-01-30,470.5,478.15,464.66,476.88,1504606
2020-01-31,480.58,482.87,463.02,465.66,2178437
2020-02-03,468.25,474.88,457.25,469.39,1851392
2020-02-04,476.39,487.68,471.791,485.46,1776430
2020-02-05,493.5,495.0,467.958,475.56,2130347
2020-02-06,473.16,475.73,462.5,472.98,1670851
2020-02-07,472.0,481.73,466.78,478.69,1193710
2020-02-10,479.11,491.693,476.53,491.69,1862264
2020-02-11,494.07,499.88,489.11,492.75,2684927
2020-02-12,568.9,593.89,529.0,531.25,9731508
2020-02-13,533.01,554.78,530.707,532.97,4515299
2020-02-14,541.0,542.2,523.33,531.22,2206751
2020-02-18,534.0,548.88,532.0,536.41,2446387
2020-02-19,544.05,549.685,538.64,543.21,1778617
2020-02-20,542.69,547.185,507.4,535.58,2463387
2020-02-21,531.24,534.6,511.61,520.66,1925764
2020-02-24,482.0,504.045,476.0,490.96,3280371
2020-02-25,500.0,502.43,456.46,466.46,3402680
2020-02-26,459.25,484.0,459.04,471.18,2532033
2020-02-27,452.28,467.933,427.935,438.37,3697693
2020-02-28,422.635,463.31,420.5,463.31,3455107
2020-03-02,483.2,488.75,461.596,488.4,3251902
2020-03-03,501.48,503.0,467.52,476.94,3146902
2020-03-04,489.0,514.0,486.0,512.23,2690023
2020-03-05,495.0,512.375,491.25,498.22,2458233
2020-03-06,480.0,491.2,459.147,472.07,2910867
2020-03-09,430.82,446.08,416.51,418.32,2973196
2020-03-10,445.0,450.5,420.63,450.34,2855665
2020-03-11,435.25,442.0,406.33,422.31,2809920
2020-03-12,371.0,403.57,366.1,377.78,4410232
2020-03-13,404.0,406.42,363.01,390.9,3308295
2020-03-16,339.0,362.0,321.5,322.29,4172262
2020-03-17,330.02,358.0,307.67,355.09,4233272
2020-03-18,326.34,358.556,305.3,336.83,3506876
2020-03-19,336.16,345.73,316.0,332.5,3244414
2020-03-20,345.0,372.543,342.0,346.06,4292118
2020-03-23,346.54,384.18,335.12,375.39,3643042
2020-03-24,412.76,432.99,406.671,430.0,3493224
2020-03-25,435.94,470.57,432.11,446.6,3558885
2020-03-26,454.4,470.48,435.3,447.41,3093759
2020-03-27,427.61,433.36,412.02,421.62,2566288
2020-03-30,423.49,434.89,412.011,430.38,1596395
2020-03-31,428.08,439.59,414.0,416.93,1948925
2020-04-01,402.99,406.0,381.53,384.67,2235529
2020-04-02,350.0,365.94,334.55,346.3,5198460
2020-04-03,358.03,363.79,345.0,357.65,2609242
2020-04-06,380.0,393.57,369.3,392.65,2758076
2020-04-07,408.99,408.99,374.02,378.54,3210937
2020-04-08,383.0,417.57,381.31,414.51,3344870
2020-04-09,422.51,439.0,413.0,417.74,2927454
2020-04-13,423.7,453.351,417.81,447.45,3115451
2020-04-14,467.03,501.47,461.34,496.06,3741187
2020-04-15,481.12,500.44,477.11,497.17,2680320
2020-04-16,508.5,529.13,502.01,526.43,3679071
2020-04-17,540.5,591.83,539.0,590.39,6131961
2020-04-20,585.0,644.95,584.0,629.9,6807270
2020-04-21,647.0,665.74,556.01,585.0,11037115
2020-04-22,615.99,635.0,603.2,626.56,5022479
2020-04-23,631.3,639.84,610.39,620.49,4376633
2020-04-24,624.0,651.99,605.6,643.19,5445349
2020-04-27,662.6,662.6,623.04,628.58,4026765
2020-04-28,634.0,639.76,610.1,633.65,3666337
2020-04-29,637.0,645.55,621.13,639.99,2397025
2020-04-30,625.0,645.98,623.0,632.29,2437981
2020-05-01,615.0,627.86,595.03,613.64,2513519
2020-05-04,620.64,658.9,617.01,658.89,2749201
2020-05-05,670.0,704.69,662.0,686.11,5129600
2020-05-06,672.88,739.24,669.0,733.53,6911684
2020-05-07,719.94,738.71,715.0,722.76,4585509
2020-05-08,705.55,721.0,703.0,708.97,4079813
2020-05-11,706.96,752.5,703.78,750.34,3667173
2020-05-12,769.0,770.95,733.95,742.28,3684505
2020-05-13,750.0,768.59,717.29,754.38,4362874
2020-05-14,749.89,758.09,733.0,754.29,2842292
2020-05-15,754.3,774.79,751.25,767.0,3018231
2020-05-18,770.0,770.73,733.0,738.02,3667278
2020-05-19,745.42,765.0,713.19,753.01,5257640
2020-05-20,768.0,778.0,751.74,778.0,3231003
2020-05-21,791.86,809.87,782.07,802.35,4127698
2020-05-22,804.63,826.38,793.64,825.17,2771233
2020-05-26,842.0,844.0,742.37,767.89,6453221
2020-05-27,755.01,757.0,685.0,750.0,6851572
2020-05-28,728.01,770.4,727.825,744.43,3752960
2020-05-29,756.15,769.39,738.0,757.8,3302579
2020-06-01,754.72,759.25,739.52,758.0,1838431
2020-06-02,764.43,784.3,744.0,779.5,2657481
2020-06-03,777.93,779.08,758.379,762.02,1887053
2020-06-04,763.91,777.22,726.035,735.19,2758114
2020-06-05,721.1,740.86,702.02,727.77,2475066
2020-06-08,715.0,731.15,708.01,730.67,1887501
2020-06-09,743.91,754.8,733.25,741.7,1515879
2020-06-10,757.0,758.5,732.51,743.64,1486877
2020-06-11,733.34,765.52,724.0,725.12,2285465
2020-06-12,739.34,745.0,713.23,742.58,2122001
2020-06-15,777.0,807.39,769.865,805.47,4060775
2020-06-16,809.0,816.78,787.5,805.76,2638824
2020-06-17,813.0,827.494,810.59,817.36,1839352
2020-06-18,832.5,869.7,830.5,863.56,3068221
2020-06-19,876.0,895.56,866.0,881.0,4010612
2020-06-22,895.12,909.87,892.11,904.81,2389944
2020-06-23,919.19,928.0,907.26,911.34,2414784
2020-06-24,910.01,924.0,868.0,897.0,3410395
2020-06-25,886.56,917.6,873.245,916.32,2414002
2020-06-26,916.0,927.045,894.0,910.0,2717676
2020-06-29,913.99,923.0,876.43,922.42,2740530
2020-06-30,925.5,958.76,922.0,949.2,2742762
2020-07-01,948.01,1017.89,948.01,1016.64,3441272
2020-07-02,1034.99,1059.44,1022.0,1029.97,3454422
2020-07-06,1052.49,1059.0,983.648,986.77,4333316
2020-07-07,985.0,1040.0,973.0,1013.99,3288802
2020-07-08,1027.26,1035.302,1002.545,1017.3,2055279
2020-07-09,1025.01,1052.25,1012.94,1040.02,2863772
2020-07-10,1040.02,1044.85,1018.13,1031.86,1707206
2020-07-13,1043.0,1074.976,935.14,968.75,3882161
2020-07-14,970.0,998.0,901.74,974.41,3583547
2020-07-15,974.0,980.0,934.0,959.45,2332524
2020-07-16,942.01,952.821,915.4,925.49,2080987
2020-07-17,932.2,940.97,906.05,928.13,2039803
2020-07-20,929.0,1011.81,918.21,1009.39,3156980
2020-07-21,1022.22,1024.98,948.21,952.83,3032646
2020-07-22,964.73,980.57,940.0,957.33,2182112
2020-07-23,966.82,979.99,911.12,928.41,3017296
2020-07-24,906.0,941.84,883.18,929.81,2418790
2020-07-27,947.57,977.46,935.14,976.39,2689897
2020-07-28,1007.09,1014.905,975.17,985.0,3847359
2020-07-29,1107.38,1107.92,1038.0,1053.59,6492346
2020-07-30,1048.3,1062.13,1003.005,1048.84,2783858
2020-07-31,1065.0,1067.6765,1012.11,1024.0,2335705
2020-08-03,1032.0,1089.25,1028.96,1083.05,2649537
2020-08-04,1074.01,1082.8784,1054.0001,1080.0,1618354
2020-08-05,1078.99,1105.0,1070.11,1094.65,1555386
2020-08-06,1093.3,1099.71,1068.7565,1088.13,1287198
2020-08-07,1080.0,1092.87,1030.2723,1053.12,1634507
2020-08-10,1055.0,1064.0,987.41,1005.56,2405238
2020-08-11,999.59,1015.0,964.74,971.99,2270909
2020-08-12,983.93,1007.86,980.0,991.0,1706388
2020-08-13,1005.0,1023.975,987.0,999.9,1401803
2020-08-14,1002.3,1007.0,978.5,987.9,1599136
2020-08-17,999.0,1019.64,995.5139,1012.96,1264022
2020-08-18,1021.0,1026.98,993.17,1024.71,1287632
2020-08-19,1021.99,1042.96,1003.0,1009.11,1232231
2020-08-20,1004.1,1043.6,999.1892,1039.62,1332432
2020-08-21,1036.02,1046.98,1015.0,1021.12,1287376
2020-08-24,1032.0,1033.8307,988.8801,999.32,1820704
2020-08-25,991.0,1038.8,991.0,1037.19,1691866
2020-08-26,1049.0,1115.99,1046.21,1089.33,2806825
2020-08-27,1081.77,1089.33,1049.33,1053.5,1553743
2020-08-28,1067.05,1079.02,1039.45,1042.06,1338974
2020-08-31,1048.51,1073.92,1035.0,1066.42,1126367
2020-09-01,1075.0,1146.91,1073.94,1134.32,2087189
2020-09-02,1142.0,1145.0,1062.5,1074.59,2706534
2020-09-03,1044.36,1058.7,993.86,1015.7,2931682
2020-09-04,996.19,1018.98,896.48,973.02,3470103
2020-09-08,920.91,953.9999,906.36,917.4,2104877
2020-09-09,955.0,970.0,932.0,949.31,1810544
2020-09-10,970.0,975.0,925.45,934.17,1721149
2020-09-11,948.0,948.0,897.5,914.5,1642273
2020-09-14,927.73,946.8799,919.13,931.83,1662035
2020-09-15,931.83,953.0,923.0,929.39,1833182
2020-09-16,938.0,939.0,884.54,885.18,3638346
2020-09-17,858.86,874.66,839.4,870.76,3758836
2020-09-18,883.99,908.37,866.8459,901.34,2437461
2020-09-21,883.06,929.11,881.0,927.89,2229156
2020-09-22,940.35,956.86,904.72,954.25,2490097
2020-09-23,946.98,953.97,910.7,918.81,1830203
2020-09-24,909.55,927.0,894.1801,908.61,1644113
2020-09-25,919.71,961.25,911.19,960.92,1980814
2020-09-28,970.01,983.7199,951.0,966.5,1870883
2020-09-29,969.58,1030.0,961.4032,1025.7,3122027
2020-09-30,1037.69,1043.0,1014.35,1022.97,1931324
2020-10-01,1030.63,1063.41,1026.15,1054.43,1754401
2020-10-02,1020.5,1054.0,1017.01,1028.99,1328222
2020-10-05,1035.99,1065.89,1014.38,1065.53,1568595
2020-10-06,1068.0,1081.9999,1030.01,1041.25,1452399
2020-10-07,1059.18,1077.949,1048.16,1073.43,1252493
2020-10-08,1081.07,1086.77,1056.23,1069.21,1078788
2020-10-09,1072.58,1098.8773,1070.0,1096.0,1127654
2020-10-12,1105.13,1130.0,1085.3001,1090.0,1323818
2020-10-13,1095.99,1109.8862,1086.3649,1106.59,1121842
2020-10-14,1111.0,1114.33,1066.59,1082.12,1203587
2020-10-15,1058.0,1082.7499,1044.03,1078.3,1062872
2020-10-16,1086.01,1103.5,1063.81,1067.21,1069782
2020-10-19,1070.78,1090.2,1054.8101,1069.0,975128
2020-10-20,1068.0,1078.4182,1046.04,1056.49,893206
2020-10-21,1054.94,1068.96,1018.02,1022.01,994395
2020-10-22,1026.75,1033.915,990.5,1007.07,983229
2020-10-23,1001.5,1026.96,996.2701,1026.22,1033623
2020-10-26,1019.0,1044.3882,1008.06,1038.05,1413523
2020-10-27,1066.93,1088.0,1057.416,1082.89,1683073
2020-10-28,1058.19,1067.09,1016.83,1026.71,1677406
2020-10-29,1052.58,1054.56,975.0,977.0,3466825
2020-10-30,973.9,987.2961,906.22,925.43,2677709
2020-11-02,934.57,954.2862,898.882,914.99,1523432
2020-11-03,923.0,952.91,910.54,941.72,1110814
2020-11-04,976.0,1002.67,955.0,996.0,1592250
2020-11-05,1027.0,1038.7968,1003.01,1036.5,1261083
2020-11-06,1031.0,1045.08,1003.0794,1045.0,1153618
2020-11-09,990.0,991.7188,900.0,902.6,3915800
2020-11-10,912.0,924.0,875.0,885.76,2936464
2020-11-11,904.0,948.16,898.6029,947.18,1733116
2020-11-12,946.0,954.79,921.73,925.8,1225823
2020-11-13,934.54,936.91,908.4011,918.3,869348
2020-11-16,890.11,919.39,880.0,919.22,1521653
2020-11-17,925.0,929.8,905.17,914.02,760239
2020-11-18,915.0,936.0,905.15,931.43,1000023
2020-11-19,945.99,981.5,937.27,966.77,1898191
2020-11-20,976.0,998.0,973.0,988.51,1684729
2020-11-23,988.5,989.69,963.19,980.01,1200739
2020-11-24,978.0,980.1,963.0,971.24,859474
2020-11-25,976.42,1021.11,975.0,1019.52,1591670
2020-11-27,1028.24,1044.0,1009.26,1034.39,1185400
2020-11-30,1045.0,1094.7,1035.0,1090.38,2604854
2020-12-01,1080.38,1087.7299,1051.0,1069.06,1712987
2020-12-02,1051.0,1083.37,1036.01,1079.44,1252311
2020-12-03,1082.0,1112.4074,1061.3,1062.68,1515633
2020-12-04,1068.0,1079.27,1051.11,1053.89,852652
2020-12-07,1058.01,1088.0,1056.0372,1084.4,934661
2020-12-08,1088.97,1107.0,1083.0,1102.09,1087093
2020-12-09,1100.0,1102.94,1028.42,1038.19,1430012
2020-12-10,1017.5,1073.0,1017.0,1067.37,980499
2020-12-11,1064.98,1075.0,1038.0,1057.87,738882
2020-12-14,1050.0,1079.27,1039.16,1059.17,1131874
2020-12-15,1054.19,1086.21,1050.66,1074.1,804220
2020-12-16,1072.61,1164.1663,1071.69,1157.31,3092660
2020-12-17,1163.0,1206.895,1150.4306,1180.0,2295103
2020-12-18,1181.84,1184.23,1161.12,1170.96,1114550
2020-12-21,1164.98,1205.19,1145.0,1197.26,1517320
2020-12-22,1203.95,1285.185,1200.165,1277.08,2504683
2020-12-23,1275.0,1276.22,1197.4,1197.96,2128357
2020-12-24,1216.0,1238.98,1209.5468,1225.52,925718
2020-12-28,1229.86,1231.54,1137.22,1147.06,1859955
2020-12-29,1168.0,1200.4516,1146.33,1171.61,1421995
2020-12-30,1178.13,1180.61,1142.79,1163.0,790932
2020-12-31,1163.46,1163.46,1128.25,1131.95,818419
2021-01-04,1137.99,1142.8754,1077.86,1092.4,1644873
2021-01-05,1094.37,1118.74,1085.59,1118.74,905450
2021-01-06,1097.5,1109.0,1076.05,1087.31,1268726
2021-01-07,1102.0,1161.7099,1102.0,1159.53,1376546
2021-01-08,1172.0,1194.89,1151.54,1188.92,1378126
2021-01-11,1170.5,1217.69,1160.0,1177.64,1110787
2021-01-12,1188.0,1205.79,1165.4281,1188.24,900418
2021-01-13,1192.0,1201.97,1169.5,1199.82,693829
2021-01-14,1228.99,1230.1,1170.65,1178.86,1183766
2021-01-15,1190.16,1193.0,1147.0001,1170.47,893300
2021-01-19,1186.9,1190.66,1150.17,1173.97,776468
2021-01-20,1180.71,1216.32,1175.3456,1200.98,811945
2021-01-21,1214.0,1216.25,1181.0,1198.15,701106
2021-01-22,1187.52,1201.61,1177.1555,1196.7,624747
2021-01-25,1206.16,1247.45,1165.5,1205.92,1488257
2021-01-26,1208.17,1216.1388,1157.44,1159.77,985522
2021-01-27,1149.92,1149.92,1081.0,1092.08,1610237
2021-01-28,1110.24,1138.6599,1090.57,1120.57,774391
2021-01-29,1120.0,1124.81,1081.0,1098.59,1006146
2021-02-01,1106.0,1149.01,1099.68,1144.93,1083318
2021-02-02,1166.46,1238.27,1161.23,1235.35,1717204
2021-02-03,1235.35,1245.9999,1195.16,1224.16,1162906
2021-02-04,1241.27,1281.65,1233.4227,1260.87,1423662
2021-02-05,1261.49,1296.775,1252.5846,1287.75,1047467
2021-02-08,1303.86,1348.255,1293.01,1345.09,1252220
2021-02-09,1365.53,1453.49,1355.99,1432.99,2112595
2021-02-10,1448.01,1499.75,1408.15,1462.42,2067161
2021-02-11,1475.63,1481.97,1438.03,1463.31,922359
2021-02-12,1457.0,1473.0,1431.39,1455.49,1012471
2021-02-16,1468.53,1492.28,1428.0,1474.0,1574192
2021-02-17,1384.16,1459.621,1345.0,1425.0,3624680
2021-02-18,1393.09,1415.0,1375.24,1384.57,1252098
2021-02-19,1396.96,1438.64,1376.51,1435.01,1324768
2021-02-22,1397.78,1414.8,1360.5582,1381.3,1355599
2021-02-23,1269.78,1322.14,1205.44,1300.24,3448792
2021-02-24,1305.34,1320.0,1263.5301,1301.15,1115604
2021-02-25,1301.37,1321.19,1226.21,1245.1,1845083
2021-02-26,1254.68,1297.9999,1237.0,1280.97,1286735
2021-03-01,1315.0,1330.0,1281.0,1309.94,1274172
2021-03-02,1317.79,1317.79,1255.0,1309.06,1276129
2021-03-03,1288.34,1299.99,1218.35,1220.3,1156294
2021-03-04,1199.92,1220.3,1113.61,1149.44,2745239
2021-03-05,1154.97,1154.97,1021.57,1131.01,3943001
2021-03-08,1126.04,1164.0,1070.82,1072.43,2459774
2021-03-09,1123.68,1147.89,1101.5101,1130.74,1858411
2021-03-10,1169.64,1169.97,1079.51,1087.9,2053393
2021-03-11,1119.5,1158.15,1086.9162,1142.24,1660437
2021-03-12,1121.98,1146.265,1093.0313,1140.63,1088440
2021-03-15,1137.24,1159.14,1110.0,1159.0,712590
2021-03-16,1183.12,1190.0,1124.0001,1143.17,1069820
2021-03-17,1122.28,1178.65,1098.0,1169.17,916843
2021-03-18,1145.0,1148.0,1106.26,1117.1,1043905
2021-03-19,1118.98,1137.36,1104.36,1120.95,811327
2021-03-22,1123.14,1160.83,1120.38,1160.0,904072
2021-03-23,1165.0,1168.47,1142.3,1162.0,896658
2021-03-24,1176.81,1185.0,1102.35,1106.01,1070782
2021-03-25,1090.08,1103.99,1051.2501,1061.68,1768208
2021-03-26,1052.6,1084.98,1005.14,1065.21,2840193
2021-03-29,1053.6,1075.8276,1028.6,1039.91,1055183
2021-03-30,1028.46,1074.1873,1012.8,1048.68,1513285
2021-03-31,1068.01,1119.5,1065.0,1106.5,1383834
2021-04-01,1150.0,1178.98,1137.02,1155.41,1160189
2021-04-05,1175.08,1177.9689,1135.9006,1145.95,734670
2021-04-06,1144.0,1179.7,1144.0,1156.14,710237
2021-04-07,1150.0,1174.985,1143.79,1159.47,664560
2021-04-08,1182.55,1224.46,1179.98,1222.69,1581559
2021-04-09,1212.0,1234.5,1190.16,1227.3,1238798
2021-04-12,1220.0,1226.0,1187.3546,1202.0,1030514
2021-04-13,1215.05,1248.21,1215.05,1241.54,1092300
2021-04-14,1248.0,1250.0,1176.02,1179.86,1316518
2021-04-15,1200.0,1221.97,1187.0,1208.34,954514
2021-04-16,1211.0,1219.19,1187.82,1207.8,734530
2021-04-19,1192.0,1202.34,1143.15,1145.78,930859
2021-04-20,1138.01,1158.182,1107.21,1123.01,860990
2021-04-21,1116.09,1149.8136,1110.05,1142.06,623734
2021-04-22,1157.2,1157.2,1092.0,1096.64,1081863
2021-04-23,1103.85,1109.6029,1087.26,1099.03,1194931
2021-04-26,1111.69,1166.0,1107.29,1166.0,1491368
2021-04-27,1166.0,1169.1,1134.429,1156.89,1286125
2021-04-28,1216.78,1301.61,1192.75,1288.8,3902085
2021-04-29,1299.5,1300.0,1228.13,1233.07,1652635
2021-04-30,1215.85,1227.375,1175.5501,1182.51,1585427
2021-05-03,1186.73,1194.3597,1119.17,1122.01,1398314
2021-05-04,1115.0,1144.0,1072.0401,1142.94,2093251
2021-05-05,1151.0,1157.84,1109.85,1120.35,1266000
2021-05-06,1113.01,1125.7999,1067.16,1090.93,2240596
2021-05-07,1118.2,1128.5889,1093.05,1108.6,1559912
2021-05-10,1099.0,1102.37,1060.05,1080.24,1390458
2021-05-11,1040.0,1121.59,1031.75,1110.2,1924270
2021-05-12,1082.98,1105.86,1055.67,1083.9,1386111
2021-05-13,1102.3,1109.0,1025.075,1047.77,1554908
2021-05-14,1067.01,1088.1,1044.0,1085.01,1055795
2021-05-17,1076.52,1114.63,1070.1001,1096.39,1086015
2021-05-18,1105.0,1152.57,1091.3501,1133.36,1915830
2021-05-19,1106.0,1172.59,1102.01,1170.39,1941963
2021-05-20,1180.0,1224.205,1170.0,1214.9,1551685
2021-05-21,1223.99,1246.0,1192.0,1224.12,1682532
2021-05-24,1224.8,1278.2596,1216.0,1261.43,1398487
2021-05-25,1267.0,1280.99,1231.955,1240.0,1456420
2021-05-26,1248.49,1268.0,1232.0,1238.83,1120596
2021-05-27,1231.92,1257.22,1214.595,1240.84,1040128
2021-05-28,1248.41,1271.79,1241.66,1242.87,881677
2021-06-01,1254.17,1278.93,1244.59,1251.56,1174768
2021-06-02,1258.0,1265.8278,1218.0,1229.59,991394
2021-06-03,1223.01,1228.215,1195.5,1199.0,809792
2021-06-04,1209.97,1224.37,1202.24,1205.74,625961
2021-06-07,1209.12,1231.2,1182.5,1230.55,686021
2021-06-08,1244.0,1252.24,1210.0,1230.74,711867
2021-06-09,1227.5,1242.7899,1214.9877,1215.56,516278
2021-06-10,1215.0,1237.06,1198.1,1231.1,989257
2021-06-11,1238.24,1250.0,1228.0,1247.02,885011
2021-06-14,1247.0,1310.92,1245.3463,1306.64,1447650
2021-06-15,1309.0,1350.0,1286.0,1321.08,1722159
2021-06-16,1324.28,1377.0,1318.265,1366.3,2309530
2021-06-17,1352.31,1461.0,1351.0,1449.27,3147272
2021-06-18,1435.02,1485.495,1434.52,1466.87,2549009
2021-06-21,1473.26,1552.23,1452.5,1480.23,3254048
2021-06-22,1480.0,1516.36,1466.97,1508.44,2168025
2021-06-23,1510.93,1534.9578,1494.3,1500.53,1371611
2021-06-24,1513.39,1529.8,1473.66,1478.99,1340125
2021-06-25,1489.95,1489.95,1429.03,1473.54,1802425
2021-06-28,1483.78,1523.145,1478.0,1494.99,1281174
2021-06-29,1497.14,1512.97,1473.25,1482.99,1058087
2021-06-30,1478.58,1491.7994,1454.04,1460.98,1044116
2021-07-01,1460.98,1469.4852,1442.0,1458.0,764108
2021-07-02,1469.98,1498.0,1449.02,1464.75,1045169
2021-07-06,1468.06,1540.9999,1467.61,1538.03,1933426
2021-07-07,1551.01,1587.74,1508.37,1520.22,1664682
2021-07-08,1475.0,1499.5,1452.32,1463.34,1659480
2021-07-09,1472.5,1496.92,1457.8801,1494.99,1257617
2021-07-12,1502.93,1530.18,1476.0,1494.74,1184187
2021-07-13,1492.59,1532.2704,1490.74,1516.47,1192788
2021-07-14,1535.0,1550.0,1459.0,1463.0,1459056
2021-07-15,1476.0,1481.1069,1420.02,1441.5,1167227
2021-07-16,1454.27,1463.8136,1426.0,1442.63,960101
2021-07-19,1415.16,1475.37,1393.01,1472.01,1430084
2021-07-20,1477.35,1533.52,1458.161,1524.78,1286298
2021-07-21,1517.51,1569.36,1515.64,1569.36,1349525
2021-07-22,1564.26,1602.57,1564.26,1594.09,1851583
2021-07-23,1608.0,1650.0,1595.93,1643.32,1401767
2021-07-26,1649.23,1650.0,1576.71,1582.28,1432986
2021-07-27,1582.03,1602.42,1513.035,1555.1,1733092
2021-07-28,1577.0,1583.15,1497.025,1538.0,2211800
2021-07-29,1528.06,1560.215,1510.0,1525.0,1733720
2021-07-30,1499.95,1529.87,1490.2,1499.93,1030982
2021-08-02,1503.83,1555.0,1493.0506,1538.67,1431883
2021-08-03,1542.14,1559.75,1499.0,1522.56,1611938
2021-08-04,1524.08,1558.25,1517.0101,1555.52,669063
2021-08-05,1553.21,1576.0,1533.85,1545.55,822806
2021-08-06,1532.91,1550.99,1501.272,1525.06,692867
2021-08-09,1525.8,1551.99,1510.0801,1549.99,1093812
2021-08-10,1557.0,1583.37,1514.435,1525.94,1207497
2021-08-11,1536.25,1537.4347,1480.8,1485.23,921913
2021-08-12,1482.53,1514.0,1455.94,1503.2,1082229
2021-08-13,1500.0,1504.98,1475.0,1498.0,620789
2021-08-16,1491.46,1534.6,1468.71,1489.0,1281459
2021-08-17,1485.68,1493.265,1458.08,1481.87,1145173
2021-08-18,1474.58,1514.0,1471.2,1489.18,820365
2021-08-19,1472.01,1499.55,1463.11,1466.11,624951
2021-08-20,1477.6,1485.8,1437.5,1450.7,783489
2021-08-23,1456.21,1488.1499,1453.0794,1481.41,869373
2021-08-24,1510.01,1562.0,1510.0,1538.51,1356758
2021-08-25,1541.45,1555.97,1511.6,1552.24,803124
2021-08-26,1548.99,1556.8999,1514.19,1515.58,627138
2021-08-27,1517.0,1538.99,1511.1401,1531.42,521015
2021-08-30,1540.94,1560.0,1528.01,1549.0,660040
2021-08-31,1554.23,1554.23,1521.29,1524.78,520121
2021-09-01,1527.65,1552.24,1523.28,1539.03,575343
2021-09-02,1542.4,1588.0,1538.4021,1542.6,942162
2021-09-03,1545.0,1568.03,1541.0,1554.25,602231
2021-09-07,1554.74,1563.7664,1526.8948,1536.7,612216
2021-09-08,1537.0,1537.94,1475.75,1477.81,1068104
2021-09-09,1491.0,1519.31,1485.93,1504.08,662290
2021-09-10,1515.0,1517.71,1479.5,1484.1,502410
2021-09-13,1492.0,1495.39,1432.36,1476.87,975663
2021-09-14,1475.41,1491.44,1443.0,1451.28,779502
2021-09-15,1455.0,1477.64,1433.11,1474.94,650085
2021-09-16,1469.0,1479.3,1451.0,1475.97,756614
2021-09-17,1466.66,1487.46,1452.2105,1486.29,547939
2021-09-20,1440.03,1464.8032,1401.1201,1434.53,1267725
2021-09-21,1445.0,1448.6699,1423.44,1437.15,770936
2021-09-22,1445.0,1474.73,1429.04,1465.9,593178
2021-09-23,1474.0,1484.96,1456.0001,1476.6,619644
2021-09-24,1473.44,1475.9499,1428.0,1444.0,868365
2021-09-27,1436.0,1451.7,1414.26,1443.81,765464
2021-09-28,1420.0,1425.55,1359.0,1369.31,1327986
2021-09-29,1381.0,1392.9899,1341.14,1346.55,1005928
2021-09-30,1346.95,1376.9899,1346.95,1355.78,767897
2021-10-01,1362.46,1369.83,1339.25,1350.76,729419
2021-10-04,1326.32,1339.0,1285.9,1314.9,1174248
2021-10-05,1312.46,1356.0,1312.46,1318.08,787847
2021-10-06,1311.72,1359.0,1305.37,1349.88,860216
2021-10-07,1372.99,1406.46,1365.17,1398.5,1108554
2021-10-08,1417.78,1429.0,1372.3572,1378.03,890446
2021-10-11,1369.0,1385.49,1353.0,1357.01,622947
2021-10-12,1369.94,1378.99,1351.0,1357.22,599797
2021-10-13,1377.0,1399.51,1368.6801,1398.97,643003
2021-10-14,1413.15,1426.9999,1401.708,1406.75,623138
2021-10-15,1414.81,1429.87,1397.05,1424.58,732004
2021-10-18,1425.03,1466.02,1418.0,1465.11,840631
2021-10-19,1479.85,1501.9799,1470.0,1485.74,726110
2021-10-20,1497.95,1502.3155,1462.02,1487.47,712537
2021-10-21,1472.2,1506.72,1472.2,1496.71,626655
2021-10-22,1470.0,1472.95,1404.48,1425.85,1529104
2021-10-25,1428.88,1439.0,1395.01,1425.16,800119
2021-10-26,1428.0,1430.15,1357.71,1363.7,1290994
2021-10-27,1364.0,1379.1666,1336.1101,1361.12,1451959
2021-10-28,1350.04,1504.71,1328.54,1457.0,3759490
2021-10-29,1435.0,1488.17,1419.82,1466.73,1263183
2021-11-01,1465.1,1531.76,1460.0,1527.62,1537843
2021-11-02,1523.0,1534.02,1471.0201,1476.64,900660
2021-11-03,1495.33,1497.18,1452.05,1495.34,708862
2021-11-04,1515.29,1549.21,1495.5,1540.56,993245
2021-11-05,1535.0,1549.9987,1510.18,1528.06,653819
2021-11-08,1540.0,1564.33,1522.001,1533.77,764436
2021-11-09,1546.0,1563.0512,1519.81,1554.85,564488
2021-11-10,1537.4,1544.87,1470.0,1474.0,692237
2021-11-11,1500.5,1512.0,1490.0,1490.34,545771
2021-11-12,1520.97,1674.785,1510.01,1669.52,2813108
2021-11-15,1653.4,1704.39,1632.51,1656.5,1473036
2021-11-16,1630.0,1714.51,1628.51,1675.32,915954
2021-11-17,1658.1,1676.7875,1635.6524,1637.81,607771
2021-11-18,1646.0,1697.55,1637.21,1681.3,970717
2021-11-19,1718.0,1762.9184,1685.095,1690.6,1507021
2021-11-22,1701.01,1703.5,1580.52,1595.01,1357576
2021-11-23,1588.01,1613.6399,1532.12,1573.06,1060086
2021-11-24,1555.41,1642.02,1541.24,1628.7,971373
2021-11-26,1650.0,1661.2699,1576.23,1576.7,755751
2021-11-29,1577.32,1583.47,1524.71,1567.02,1118812
2021-11-30,1600.5,1629.938,1516.64,1521.79,1614425
2021-12-01,1546.6,1558.0,1457.98,1459.71,1453109
2021-12-02,1457.49,1484.83,1431.0,1447.15,1122281
2021-12-03,1465.98,1467.545,1357.03,1410.0,1415175
2021-12-06,1373.12,1430.86,1340.0,1428.12,1208254
2021-12-07,1471.41,1535.99,1466.6214,1520.51,1464873
2021-12-08,1508.6,1534.94,1492.0,1520.29,776923
2021-12-09,1515.0,1533.98,1482.12,1494.95,796096
2021-12-10,1508.49,1531.5,1442.0527,1461.58,794286
2021-12-13,1447.6,1470.39,1371.01,1397.15,1273021
2021-12-14,1368.0,1402.5499,1329.0001,1354.28,1207938
2021-12-15,1352.0,1376.42,1288.94,1368.08,1576826
2021-12-16,1428.0,1428.0,1297.915,1326.88,1406547
2021-12-17,1305.37,1352.07,1280.01,1323.4,1209334
2021-12-20,1307.4,1320.0,1271.8888,1282.17,1073791
2021-12-21,1312.52,1371.29,1304.705,1370.11,1259161
2021-12-22,1359.49,1392.35,1351.36,1385.63,833125
2021-12-23,1390.0,1443.61,1380.83,1439.33,1096017
2021-12-27,1443.61,1457.0,1396.15,1400.59,721384
2021-12-28,1408.18,1414.99,1364.17,1375.62,584498
2021-12-29,1368.99,1400.7888,1351.37,1392.08,641015
2021-12-30,1388.09,1432.88,1388.09,1398.24,568781
2021-12-31,1399.91,1403.652,1377.04,1377.39,466115
2022-01-03,1391.9,1393.67,1334.185,1363.14,716120
2022-01-04,1356.5,1370.0,1211.245,1221.86,2944288
2022-01-05,1213.5,1228.7899,1173.75,1190.01,2115163
2022-01-06,1172.44,1197.76,1138.58,1168.93,1804348
2022-01-07,1169.0,1182.3699,1121.4,1144.48,1288713
2022-01-10,1117.01,1133.23,1064.02,1131.17,2112591
2022-01-11,1097.0,1165.98,1086.01,1157.31,1259870
2022-01-12,1185.16,1191.2,1157.0,1168.76,1132894
2022-01-13,1170.0,1178.05,1061.5001,1064.36,2280104
2022-01-14,1053.0,1111.98,1048.601,1102.91,2220343
2022-01-18,1087.21,1088.34,1029.06,1054.66,2149341
2022-01-19,1068.21,1122.49,1030.245,1030.95,1945601
2022-01-20,1049.97,1084.44,1022.67,1023.95,1417635
2022-01-21,1004.69,1013.64,868.75,882.12,5335124
2022-01-24,834.0,963.99,780.0,938.49,7762392
2022-01-25,910.0,938.99,841.0,892.39,4675941
2022-01-26,937.01,950.0,852.3,868.92,3316027
2022-01-27,904.69,906.65,813.12,815.76,2161351
2022-01-28,825.03,874.34,792.515,872.23,2657007
2022-01-31,881.9,968.21,875.0001,964.24,2500401
2022-02-01,984.3,988.5,937.8507,984.2,1752079
2022-02-02,983.5,985.11,864.93,885.88,3183100
2022-02-03,830.0,857.4219,806.0,809.44,3025990
2022-02-04,830.0,892.6223,810.865,876.0,2942507
2022-02-07,881.56,907.9999,855.4887,866.89,1653963
2022-02-08,859.0,880.5,852.0,878.0,1155047
2022-02-09,905.19,925.63,884.01,924.97,1485453
2022-02-10,900.0,932.54,885.0,893.34,1913548
2022-02-11,892.15,905.99,835.01,854.0,1352458
2022-02-14,846.37,871.13,835.51,847.45,1579870
2022-02-15,864.43,891.3477,843.14,889.5,1726933
2022-02-16,799.85,800.0,720.0,746.85,9924998
2022-02-17,727.12,732.24,655.0001,660.0,7050549
2022-02-18,662.78,683.48,640.4201,656.88,3973901
2022-02-22,632.03,661.99,624.2701,626.16,3117690
2022-02-23,634.8,659.8999,625.02,626.61,2432851
2022-02-24,585.03,668.79,585.03,663.98,3552021
2022-02-25,677.28,684.65,642.96,676.95,2275398
2022-02-28,689.76,704.07,667.49,694.26,1703236
2022-03-01,688.95,711.175,670.61,673.44,1611806
2022-03-02,671.35,677.98,635.41,659.83,2212118
2022-03-03,664.91,666.26,632.2,640.75,1552985
2022-03-04,640.98,650.94,591.5101,600.84,2817391
2022-03-07,599.0,606.07,557.3669,560.8,2762610
2022-03-08,552.56,554.99,511.2,514.95,5242338
2022-03-09,544.99,594.8999,534.07,587.65,3983554
2022-03-10,567.2,571.9799,545.25,553.18,2982602
2022-03-11,568.98,580.5399,542.24,544.37,2736063
2022-03-14,541.41,553.225,510.02,512.55,2494862
2022-03-15,518.58,562.9999,513.65,553.43,2655390
2022-03-16,574.58,623.86,567.0,622.38,3159612
2022-03-17,612.22,657.7799,604.61,657.38,3035597
2022-03-18,649.88,780.0,647.3,780.0,4237637
2022-03-21,699.0,713.05,653.0301,683.45,6643891
2022-03-22,689.17,733.78,670.95,727.01,4434857
2022-03-23,715.0,739.49,695.0001,703.59,3397314
2022-03-24,710.32,711.81,680.3723,705.0,2411888
2022-03-25,705.0,706.8499,666.0,679.53,2203885
2022-03-28,684.97,716.6,670.6601,701.6,2452412
2022-03-29,716.83,758.78,702.44,743.98,2947487
2022-03-30,725.72,737.8,692.0,705.6,3192870
2022-03-31,708.51,708.64,675.23,675.96,2222722
2022-04-01,687.56,716.8765,678.51,693.0,2941207
2022-04-04,696.39,730.8899,692.0001,727.29,1972134
2022-04-05,729.0,741.34,692.01,702.92,2368701
2022-04-06,684.63,685.44,638.44,656.58,3337220
2022-04-07,656.0,669.05,620.45,643.97,2900146
2022-04-08,639.3,641.73,600.06,603.18,4183251
2022-04-11,614.51,628.9799,593.68,617.38,3902748
2022-04-12,627.56,644.37,590.24,591.06,3680142
2022-04-13,590.97,622.0,578.95,604.78,2884666
2022-04-14,602.41,607.0,579.01,579.51,2282506
2022-04-18,575.0,586.8909,556.0,581.0,2319862
2022-04-19,577.5,614.0,576.0,605.63,2142494
2022-04-20,592.98,594.0,525.0,525.0,5076260
2022-04-21,535.01,537.745,472.5738,481.0,5935512
2022-04-22,480.0,492.71,454.03,459.97,4486039
2022-04-25,461.98,475.85,453.39,459.21,4006942
2022-04-26,455.06,458.53,428.0,428.09,3658774
2022-04-27,423.99,439.97,413.32,416.2,3191283
2022-04-28,428.81,452.13,411.17,443.28,4185634
2022-04-29,422.0,463.38,421.49,426.82,3976893
2022-05-02,421.15,454.14,421.15,452.98,3371941
2022-05-03,451.75,475.35,449.45,465.2,3736343
2022-05-04,457.66,487.99,439.1,485.49,4408545
2022-05-05,407.64,424.8799,395.86,413.09,11360825
2022-05-06,401.06,401.49,355.13,377.49,10269575
2022-05-09,362.0,371.71,337.29,340.04,6412678
2022-05-10,354.9,366.1,318.0,335.39,6086236
2022-05-11,331.94,346.0,315.25,318.59,6328749
2022-05-12,313.61,385.0,308.0601,353.51,9427376
2022-05-13,372.18,408.63,372.18,402.48,6151418
2022-05-16,397.76,398.24,356.95,359.95,5413447
2022-05-17,374.008,384.97,346.3824,372.64,4719627
2022-05-18,363.06,379.73,355.02,360.62,4240429
2022-05-19,362.16,413.7,360.5,391.33,7601763
2022-05-20,400.69,403.9899,340.01,363.85,5664262
2022-05-23,362.01,368.79,342.0001,368.49,4042850
2022-05-24,356.41,356.41,319.0001,324.84,4437549
2022-05-25,329.48,336.75,318.0,333.11,3799350
2022-05-26,329.73,357.1269,325.35,351.32,3073419
2022-05-27,356.77,371.8151,355.6348,369.04,3113480
2022-05-31,374.41,387.4,362.2,375.12,3606235
2022-06-01,379.64,392.94,351.88,361.53,3870900
2022-06-02,362.47,401.0,362.01,398.87,4014976
2022-06-03,379.9,385.5041,348.27,353.66,5021644
2022-06-06,367.0,374.56,354.53,360.62,3786468
2022-06-07,354.11,381.3199,350.0,380.74,4770719
2022-06-08,381.0,396.0499,377.09,391.47,3517962
2022-06-09,385.21,397.52,371.05,371.39,3403396
2022-06-10,355.0,362.81,339.31,348.43,4030013
2022-06-13,331.42,340.14,311.64,312.94,4066560
2022-06-14,316.61,320.7698,297.641,303.54,3819438
2022-06-15,305.7,330.975,304.798,326.03,4776679
2022-06-16,314.81,319.31,299.57,305.23,4094312
2022-06-17,306.9,325.86,306.31,316.89,3700841
2022-06-21,324.0,336.82,321.61,328.25,3160147
2022-06-22,324.38,348.25,322.53,338.54,3466679
2022-06-23,338.5,365.27,332.13,363.83,4375314
2022-06-24,364.51,387.8974,363.83,385.23,4665285
2022-06-27,392.48,395.0,358.29,373.21,5816505
2022-06-28,371.32,380.49,346.56,350.26,4418090
2022-06-29,34.4,34.9799,32.47,33.05,30684050
2022-06-30,32.65,33.34,30.86,31.24,26019553
2022-07-01,32.08,33.06,30.7,31.41,20371645
2022-07-05,30.84,34.28,29.72,34.0,29167805
2022-07-06,34.14,35.31,32.75,33.04,25782266
2022-07-07,32.84,35.48,32.3,35.33,23042320
2022-07-08,34.25,36.75,34.1,35.57,22067217
2022-07-11,34.76,35.1,32.04,32.32,22564836
2022-07-12,32.57,33.48,31.7,32.38,21445021
2022-07-13,31.35,33.21,30.28,32.15,26325758
2022-07-14,31.84,32.25,30.38,30.67,24247445
2022-07-15,31.29,31.84,30.02,31.27,22398709
2022-07-18,31.92,34.2,31.83,32.54,28950702
2022-07-19,34.02,34.38,32.04,34.37,27254852
2022-07-20,34.19,38.84,33.95,38.49,42330762
2022-07-21,37.97,40.68,37.85,40.4,39578459
2022-07-22,39.4,39.8588,36.765,37.35,28254363
2022-07-25,37.05,37.43,35.71,36.71,19770525
2022-07-26,31.81,31.95,30.55,31.55,65071885
2022-07-27,31.46,35.48,31.31,35.24,79941453
2022-07-28,34.7,36.16,33.6,35.91,33198405
2022-07-29,35.21,36.649,33.75,34.83,31716759
2022-08-01,34.9,37.4201,34.05,36.44,26421460
2022-08-02,35.7,38.98,35.55,37.74,29706954
2022-08-03,38.3,42.15,38.3,41.93,38072773
2022-08-04,41.95,42.59,40.175,41.02,31569738
2022-08-05,39.27,42.55,39.04,40.81,28771535
2022-08-08,41.41,42.45,39.27,39.77,29845891
2022-08-09,38.75,38.84,36.31,36.75,34712092
2022-08-10,39.44,40.87,37.97,40.61,39813058
2022-08-11,42.82,45.43,39.66,40.42,55567198
2022-08-12,41.3,41.53,39.61,40.76,29889591
2022-08-15,40.14,41.1,38.86,39.84,28841621
2022-08-16,39.93,40.39,37.63,39.58,30792064
2022-08-17,38.75,39.015,37.1,37.3,29058812
2022-08-18,37.29,37.38,36.0101,36.86,20334675
2022-08-19,36.09,36.44,34.11,34.2,28335162
2022-08-22,33.39,33.98,32.57,33.18,23788802
2022-08-23,33.05,33.8,32.38,32.47,20640420
2022-08-24,32.68,34.265,32.41,33.29,23435798
2022-08-25,33.74,34.71,33.29,34.34,23870648
2022-08-26,34.37,34.59,31.8,32.42,30299990
2022-08-29,31.76,33.2,31.76,31.94,20934678
2022-08-30,32.47,32.91,30.53,31.36,33550299
2022-08-31,31.98,33.35,31.34,31.65,26208648
2022-09-01,30.94,31.36,29.8207,31.27,28553505
2022-09-02,31.8,31.99,29.86,30.11,31478548
2022-09-06,30.15,30.36,29.07,29.84,25579962
2022-09-07,29.96,31.0979,29.37,30.98,22289250
2022-09-08,30.42,32.03,29.89,31.94,30419414
2022-09-09,32.44,34.9,32.34,34.81,40648173
2022-09-12,34.75,35.81,34.6,35.16,24260643
2022-09-13,32.75,33.52,32.4,32.7,29833310
2022-09-14,32.58,33.73,31.89,33.69,22981738
2022-09-15,33.16,34.73,32.94,33.85,23235238
2022-09-16,32.43,32.83,31.22,31.73,31975544
2022-09-19,31.17,33.03,31.14,32.94,25049747
2022-09-20,32.31,32.39,30.79,30.95,26104071
2022-09-21,31.04,32.43,30.5,30.55,28911792
2022-09-22,30.21,30.5691,28.32,28.57,34264493
2022-09-23,28.41,28.91,27.65,28.76,27542946
2022-09-26,28.67,29.94,28.24,28.25,25033050
2022-09-27,29.03,29.4,27.66,27.85,23308546
2022-09-28,27.94,29.37,27.66,29.24,24820608
2022-09-29,28.32,28.6,26.51,26.77,32086934
2022-09-30,26.57,28.14,26.38,26.94,24803940
2022-10-03,27.3,28.22,26.48,27.76,26422896
2022-10-04,29.08,31.845,29.0,31.53,43030957
2022-10-05,30.42,31.25,30.12,30.83,24091907
2022-10-06,30.55,31.08,29.78,30.06,36021984
2022-10-07,29.08,29.19,27.01,27.21,29793393
2022-10-10,27.28,27.28,26.01,26.45,21516597
2022-10-11,26.4,26.58,24.95,25.67,32097969
2022-10-12,25.66,26.45,25.255,25.99,20772494
2022-10-13,24.11,26.56,23.6304,26.24,34677454
2022-10-14,26.99,27.39,25.98,26.06,30476590
2022-10-17,27.45,27.995,27.07,27.76,22387317
2022-10-18,29.25,29.72,28.33,28.73,22754297
2022-10-19,28.45,28.63,27.84,28.35,22677749
2022-10-20,28.5,30.82,28.38,29.73,37547134
2022-10-21,29.03,29.75,28.035,29.75,32835880
2022-10-24,29.32,29.39,27.83,28.75,24463897
2022-10-25,29.16,30.16,29.15,29.83,19598758
2022-10-26,29.2,30.87,28.55,29.06,29508496
2022-10-27,31.03,34.6,30.9,34.1,85884016
2022-10-28,33.84,34.7799,32.58,34.19,39189504
2022-10-31,34.07,36.16,33.9,34.23,46021125
2022-11-01,35.38,36.4,34.72,34.79,32527652
2022-11-02,34.93,36.06,33.505,33.51,34904997
2022-11-03,32.92,35.1561,32.83,33.74,23395008
2022-11-04,34.73,35.0,31.33,32.15,30310850
2022-11-07,32.61,32.93,31.46,32.24,16129035
2022-11-08,32.57,33.25,31.66,32.8,18576017
2022-11-09,32.03,32.39,30.44,30.9,17640818
2022-11-10,33.9,36.6,33.45,36.51,32449064
2022-11-11,36.61,40.921,36.13,39.44,39173373
2022-11-14,39.05,39.31,37.92,38.4,17931145
2022-11-15,40.41,41.73,39.9604,40.02,26589082
2022-11-16,39.07,39.78,37.86,38.51,17334221
2022-11-17,37.48,38.27,36.84,37.72,16916577
2022-11-18,38.29,38.37,36.08,36.59,14746255
2022-11-21,35.77,36.091,34.66,35.21,15565559
2022-11-22,35.12,35.38,34.38,35.28,12669111
2022-11-23,35.37,37.04,35.15,36.77,15970701
2022-11-25,36.73,37.01,36.04,36.79,9401497
2022-11-28,38.8,40.15,37.537,38.03,42647295
2022-11-29,38.48,39.96,36.73,37.15,29118158
2022-11-30,37.42,40.9,37.09,40.88,30671795
2022-12-01,41.45,43.74,41.3,43.4,33691868
2022-12-02,42.15,45.06,42.01,43.06,30820931
2022-12-05,42.77,43.6996,40.41,40.79,22014003
2022-12-06,40.57,40.8499,38.57,38.97,19295204
2022-12-07,38.08,38.99,37.72,38.49,23536622
2022-12-08,38.07,39.15,36.56,38.64,24816635
2022-12-09,38.45,40.355,38.325,38.38,21469386
2022-12-12,37.92,38.68,37.49,38.38,20040712
2022-12-13,41.81,42.7,38.566,38.78,26830041
2022-12-14,38.4,39.45,37.694,38.24,21245463
2022-12-15,37.29,37.8,36.05,36.39,17448199
2022-12-16,36.09,37.11,35.65,36.09,16908801
2022-12-19,36.1,36.3,35.2216,35.5,14397560
2022-12-20,34.9,37.1,34.78,35.99,16742391
2022-12-21,36.18,36.94,35.29,36.19,13260508
2022-12-22,35.6,35.6,33.39,34.68,16498373
2022-12-23,34.2,34.55,33.105,33.71,13112790
2022-12-27,33.06,33.635,32.35,33.39,12400908
2022-12-28,33.21,33.7,32.395,32.64,13332144
2022-12-29,33.18,35.38,32.93,35.1,17645736
2022-12-30,34.32,35.1462,34.15,34.71,13272946
