timestamp,equity,price
1999-11-01,100000,77.62
1999-11-02,100000,80.25
1999-11-03,100000,81.5
1999-11-04,100000,83.62
1999-11-05,100000,88.31
1999-11-08,100000,96.37
1999-11-09,100000,89.62
1999-11-10,100000,91.44
1999-11-11,100038,92.25
1999-11-12,100022,90.62
1999-11-15,100010,89.44
1999-11-16,100028,91.19
1999-11-17,100018,90.25
1999-11-18,100012,89.62
1999-11-19,100040,92.44
1999-11-22,100022,90.62
1999-11-23,100044,92.81
1999-11-24,100063,94.69
1999-11-26,100066,95.06
1999-11-29,100062,94.56
1999-11-30,100095,97.87
1999-12-01,100146,103.06
1999-12-02,100218,110.19
1999-12-03,100266,115
1999-12-06,100017,116
1999-12-07,100017,117.81
1999-12-08,100017,110.06
1999-12-09,100017,105.25
1999-12-10,100017,103
1999-12-13,100082,99
1999-12-14,100041,94.87
1999-12-15,100062,97
1999-12-16,100075,98.31
1999-12-17,99997.2,100
1999-12-20,99997.2,98
1999-12-21,99997.2,102.5
1999-12-22,99997.2,99.94
1999-12-23,99997.2,103.5
1999-12-27,99997.2,99.31
1999-12-28,99997.2,98.19
1999-12-29,99997.2,100.69
1999-12-30,100049,100.31
1999-12-31,100074,102.81
2000-01-03,100165,111.94
2000-01-04,100071,102.5
2000-01-05,100086,104
2000-01-06,99995.6,95
2000-01-07,100023,99.5
2000-01-10,100023,97.75
2000-01-11,100023,92.75
2000-01-12,100023,87.19
2000-01-13,100023,96.75
2000-01-14,100023,100.44
2000-01-18,99959.8,103.94
2000-01-19,99986,106.56
2000-01-20,100055,113.5
2000-01-21,100034,111.31
2000-01-24,99982.9,106.25
2000-01-25,100043,112.25
2000-01-26,100022,110.19
2000-01-27,100020,110
2000-01-28,99936.6,101.62
2000-01-31,99957.9,103.75
2000-02-01,99922.9,100.25
2000-02-02,99908.5,98.81
2000-02-03,99953.5,103.31
2000-02-04,100000,108
2000-02-07,100061,114.06
2000-02-08,100069,114.87
2000-02-09,100047,112.62
2000-02-10,100055,113.5
2000-02-11,100008,108.75
2000-02-14,100078,115.81
2000-02-15,100110,119
2000-02-16,100062,114.12
2000-02-17,100069,114.87
2000-02-18,100033,111.25
2000-02-22,100058,113.81
2000-02-23,100083,116.25
2000-02-24,100072,115.2
2000-02-25,100024,110.37
2000-02-28,100053,113.25
2000-02-29,100067,114.62
2000-03-01,100224,130.31
2000-03-02,99901.3,122
2000-03-03,99901.3,128
2000-03-06,99901.3,125.69
2000-03-07,99901.3,122.87
2000-03-08,99901.3,122
2000-03-09,99901.3,122.25
2000-03-10,99901.3,125.75
2000-03-13,99901.3,121.31
2000-03-14,99901.3,114.25
2000-03-15,99901.3,116.25
2000-03-16,99901.3,121.56
2000-03-17,99901.3,125
2000-03-20,99901.3,123
2000-03-21,99901.3,134.94
2000-03-22,99901.3,144.19
2000-03-23,99901.3,141.31
2000-03-24,99901.3,138.69
2000-03-27,99901.3,139.56
2000-03-28,99901.3,139.13
2000-03-29,100388,135.94
2000-03-30,100286,125.75
2000-03-31,100386,135.81
2000-04-03,100362,133.31
2000-04-04,100302,127.31
2000-04-05,100332,130.38
2000-04-06,100280,125.19
2000-04-07,100346,131.75
2000-04-10,100278,125
2000-04-11,100223,119.44
2000-04-12,100140,109.25
2000-04-13,100140,113.81
2000-04-14,100140,111.87
2000-04-17,100140,123.87
2000-04-18,100140,126.87
2000-04-19,100140,121.12
2000-04-20,100140,118.87
2000-04-24,100140,120.5
2000-04-25,100140,128.31
2000-04-26,100140,121.31
2000-04-27,100305,126.75
2000-04-28,100278,124.06
2000-05-01,100281,124.31
2000-05-02,100216,117.87
2000-05-03,100053,115.06
2000-05-04,100053,110.69
2000-05-05,100053,113.12
2000-05-08,100116,110.12
2000-05-09,100069,105.44
2000-05-10,100007,99.31
2000-05-11,100042,102.81
2000-05-12,100001,107.62
2000-05-15,100001,101
2000-05-16,100001,105.69
2000-05-17,100001,101.37
2000-05-18,100001,100.75
2000-05-19,100001,94
2000-05-22,100001,89.94
2000-05-23,100001,85.81
2000-05-24,100001,87.69
2000-05-25,100001,87.27
2000-05-26,100001,86.37
2000-05-30,100001,87.56
2000-05-31,100001,84
2000-06-01,100001,89.12
2000-06-02,100001,92.56
2000-06-05,100001,91.31
2000-06-06,99739.1,92.87
2000-06-07,99776,96.56
2000-06-08,99758.5,94.81
2000-06-09,99767.9,95.75
2000-06-12,99722.3,91.19
2000-06-13,99755.4,94.5
2000-06-14,99714.8,90.44
2000-06-15,99734.1,92.37
2000-06-16,99722.3,91.19
2000-06-19,99776.6,96.62
2000-06-20,99822.9,101.25
2000-06-21,99366.7,55.63
2000-06-22,99347.9,53.75
2000-06-23,99327.3,51.69
2000-06-26,99351.7,54.13
2000-06-27,99327.9,51.75
2000-06-28,99354.8,54.44
2000-06-29,99941.9,51.25
2000-06-30,99941.9,52.38
2000-07-03,99941.9,53.31
2000-07-05,99941.9,51.63
2000-07-06,99312.8,51.81
2000-07-07,99339.1,54.44
2000-07-10,99366,57.13
2000-07-11,99364.1,56.94
2000-07-12,99383.5,58.88
2000-07-13,100014,56.5
2000-07-14,100014,57.69
2000-07-17,100014,58.31
2000-07-18,100014,57.25
2000-07-19,100014,52.69
2000-07-20,100014,55.13
2000-07-21,100014,53.56
2000-07-24,100014,48.69
2000-07-25,100014,50.06
2000-07-26,100014,50.06
2000-07-27,100014,52
2000-07-28,100014,48.31
2000-07-31,100014,50.81
2000-08-01,100014,49.31
2000-08-02,100014,47.25
2000-08-03,100014,48
2000-08-04,100014,47.38
2000-08-07,100014,47.94
2000-08-08,100014,46.75
2000-08-09,100014,47.5
2000-08-10,100014,47.56
2000-08-11,100014,47.69
2000-08-14,100014,47.06
2000-08-15,100014,46.69
2000-08-16,99282.1,48.5
2000-08-17,99311.5,51.44
2000-08-18,99297.1,50
2000-08-21,99302.1,50.5
2000-08-22,99314,51.69
2000-08-23,99340.2,54.31
2000-08-24,99358.2,56.11
2000-08-25,99365.2,56.81
2000-08-28,100183,58.06
2000-08-29,100183,59.19
2000-08-30,100183,59.5
2000-08-31,100183,60.94
2000-09-01,99420.8,63.44
2000-09-05,99410.8,62.44
2000-09-06,99370.8,58.44
2000-09-07,99406.4,62
2000-09-08,99375.2,58.88
2000-09-11,99370.8,58.44
2000-09-12,99363.9,57.75
2000-09-13,99366.4,58
2000-09-14,99355,56.86
2000-09-15,99338.7,55.23
2000-09-18,100144,60.66
2000-09-19,100144,59.94
2000-09-20,100144,61.05
2000-09-21,100144,56.69
2000-09-22,99331.3,52.19
2000-09-25,99344.4,53.5
2000-09-26,99323.8,51.44
2000-09-27,100082,48.94
2000-09-28,100082,53.5
2000-09-29,100082,25.75
2000-10-02,100082,24.25
2000-10-03,99051.7,22.31
2000-10-04,99064.8,23.62
2000-10-05,99049.2,22.06
2000-10-06,99050.5,22.19
2000-10-09,99046.1,21.75
2000-10-10,99037.3,20.87
2000-10-11,100078,19.62
2000-10-12,100078,20
2000-10-13,100078,22.06
2000-10-16,100078,21.5
2000-10-17,100078,20.12
2000-10-18,100078,20.12
2000-10-19,100078,18.94
2000-10-20,100078,19.5
2000-10-23,100078,20.37
2000-10-24,99146.6,18.87
2000-10-25,99142.9,18.5
2000-10-26,99142.9,18.5
2000-10-27,99143.5,18.56
2000-10-30,99151,19.31
2000-10-31,99153.5,19.56
2000-11-01,99162.9,20.5
2000-11-02,99181,22.31
2000-11-03,99180.4,22.25
2000-11-06,99172.3,21.44
2000-11-07,99171,21.31
2000-11-08,99158.5,20.06
2000-11-09,99159.8,20.19
2000-11-10,99148.5,19.06
2000-11-13,99151.6,19.37
2000-11-14,99160.4,20.25
2000-11-15,99156.6,19.87
2000-11-16,99147.9,19
2000-11-17,99142.9,18.5
2000-11-20,99147.3,18.94
2000-11-21,99146,18.81
2000-11-22,99142.9,18.5
2000-11-24,100198,19.31
2000-11-27,100198,18.69
2000-11-28,100198,18.03
2000-11-29,100198,17.56
2000-11-30,100198,16.5
2000-12-01,100198,17.06
2000-12-04,100198,16.69
2000-12-05,99259.6,17
2000-12-06,99232.7,14.31
2000-12-07,99232.7,14.31
2000-12-08,99240.2,15.06
2000-12-11,99241.5,15.19
2000-12-12,100190,15.38
2000-12-13,100190,15
2000-12-14,100190,14.44
2000-12-15,100190,14.06
2000-12-18,100190,14.25
2000-12-19,100190,14
2000-12-20,100190,14.38
2000-12-21,100190,14.06
2000-12-22,99262.6,15
2000-12-26,99259.5,14.69
2000-12-27,99260.7,14.81
2000-12-28,99260.7,14.81
2000-12-29,99261.4,14.88
2001-01-02,99261.4,14.88
2001-01-03,99276.3,16.37
2001-01-04,99283.2,17.06
2001-01-05,99276.3,16.37
2001-01-08,99278.2,16.56
2001-01-09,99284.5,17.19
2001-01-10,99278.2,16.56
2001-01-11,99292.6,18
2001-01-12,99284.5,17.19
2001-01-16,99283.8,17.12
2001-01-17,99280.7,16.81
2001-01-18,99299.5,18.69
2001-01-19,99307.6,19.5
2001-01-22,99984.3,19.25
2001-01-23,99984.3,20.5
2001-01-24,99984.3,20.5
2001-01-25,99984.3,19.94
2001-01-26,99984.3,19.56
2001-01-29,99984.3,21.69
2001-01-30,99984.3,21.75
2001-01-31,99984.3,21.62
2001-02-01,99984.3,21.12
2001-02-02,99984.3,20.62
2001-02-05,99984.3,20.19
2001-02-06,99984.3,21.12
2001-02-07,99984.3,20.75
2001-02-08,99984.3,20.75
2001-02-09,99984.3,19.12
2001-02-12,99251.5,19.69
2001-02-13,99245.8,19.12
2001-02-14,99249.6,19.5
2001-02-15,99255.2,20.06
2001-02-16,99244.6,19
2001-02-20,99237.7,18.31
2001-02-21,100002,18.87
2001-02-22,100002,18.81
2001-02-23,100002,18.81
2001-02-26,100002,19.5
2001-02-27,100002,19.37
2001-02-28,100002,18.25
2001-03-01,100002,18.75
2001-03-02,100002,19.25
2001-03-05,100002,20.37
2001-03-06,100002,21.5
2001-03-07,100002,21.25
2001-03-08,100002,20.81
2001-03-09,100002,20.25
2001-03-12,100002,18.62
2001-03-13,100002,19.56
2001-03-14,100002,20.44
2001-03-15,100002,19.69
2001-03-16,99230.7,19.62
2001-03-19,99240.1,20.56
2001-03-20,99231.4,19.69
2001-03-21,100046,20.12
2001-03-22,100046,21.62
2001-03-23,100046,23
2001-03-26,100046,21.78
2001-03-27,100046,22.87
2001-03-28,100046,22.17
2001-03-29,100046,22.53
2001-03-30,100046,22.07
2001-04-02,100046,21.59
2001-04-03,100046,20.24
2001-04-04,100046,19.5
2001-04-05,100046,20.87
2001-04-06,100046,20.59
2001-04-09,100046,20.54
2001-04-10,100046,22.04
2001-04-11,100046,21.8
2001-04-12,100046,22.42
2001-04-16,100046,21.44
2001-04-17,100046,20.4
2001-04-18,100046,22.79
2001-04-19,99769.1,25.72
2001-04-20,99762.3,25.04
2001-04-23,99754.4,24.25
2001-04-24,99752.2,24.03
2001-04-25,99759.1,24.72
2001-04-26,99758.8,24.69
2001-04-27,99773.9,26.2
2001-04-30,99766.8,25.49
2001-05-01,99771.2,25.93
2001-05-02,100082,26.59
2001-05-03,100082,24.96
2001-05-04,100082,25.75
2001-05-07,100082,24.96
2001-05-08,100082,24.57
2001-05-09,100082,23.98
2001-05-10,100082,23
2001-05-11,99744.7,22.85
2001-05-14,99749.1,23.29
2001-05-15,99748,23.18
2001-05-16,99757.2,24.1
2001-05-17,100092,23.55
2001-05-18,100092,23.53
2001-05-21,100092,23.56
2001-05-22,100092,23.5
2001-05-23,100092,23.23
2001-05-24,99750.6,23.2
2001-05-25,99746.2,22.76
2001-05-29,99733.3,21.47
2001-05-30,100045,19.78
2001-05-31,100045,19.95
2001-06-01,100045,20.89
2001-06-04,100045,20.66
2001-06-05,100045,20.94
2001-06-06,100045,20.73
2001-06-07,100045,21.66
2001-06-08,100045,21.32
2001-06-11,100045,20.04
2001-06-12,100045,20.31
2001-06-13,100045,20.47
2001-06-14,100045,19.88
2001-06-15,100045,20.44
2001-06-18,100045,20.33
2001-06-19,100045,20.19
2001-06-20,100045,21.67
2001-06-21,100045,22.49
2001-06-22,100045,22.26
2001-06-25,100045,23.99
2001-06-26,100045,23.75
2001-06-27,100045,23.34
2001-06-28,100045,23.54
2001-06-29,100045,23.25
2001-07-02,100045,23.9
2001-07-03,100045,23.84
2001-07-05,100045,23.19
2001-07-06,100045,22.03
2001-07-09,100045,22.7
2001-07-10,100045,21.14
2001-07-11,99793.3,22.54
2001-07-12,99811.5,24.36
2001-07-13,99816.4,24.85
2001-07-16,99807.5,23.96
2001-07-17,99818.9,25.1
2001-07-18,99775.8,20.79
2001-07-19,99767.5,19.96
2001-07-20,100038,19.98
2001-07-23,100038,19.54
2001-07-24,100038,19.09
2001-07-25,100038,18.47
2001-07-26,100038,18.59
2001-07-27,100038,18.96
2001-07-30,99740.8,18.93
2001-07-31,99739.4,18.79
2001-08-01,99742.1,19.06
2001-08-02,100065,19.82
2001-08-03,100065,19.5
2001-08-06,100065,19.13
2001-08-07,100065,19.25
2001-08-08,100065,18.9
2001-08-09,100065,19.05
2001-08-10,100065,19.02
2001-08-13,100065,19.09
2001-08-14,100065,18.73
2001-08-15,100065,18.44
2001-08-16,100065,18.65
2001-08-17,100065,18.07
2001-08-20,100065,18.12
2001-08-21,100065,17.92
2001-08-22,100065,18.21
2001-08-23,100065,17.81
2001-08-24,100065,18.57
2001-08-27,99618.7,18.92
2001-08-28,99613.5,18.4
2001-08-29,99607.8,17.83
2001-08-30,100053,17.83
2001-08-31,100053,18.55
2001-09-04,100053,18.25
2001-09-05,100053,18.55
2001-09-06,99644.7,17.72
2001-09-07,99640.3,17.28
2001-09-10,99641.2,17.37
2001-09-17,99637.4,16.99
2001-09-18,99630.3,16.28
2001-09-19,99637.7,17.02
2001-09-20,99624.3,15.68
2001-09-21,99624.8,15.73
2001-09-24,99632,16.45
2001-09-25,99622.9,15.54
2001-09-26,99619,15.15
2001-09-27,99622.6,15.51
2001-09-28,99622.6,15.51
2001-10-01,99622.9,15.54
2001-10-02,99618,15.05
2001-10-03,99617.3,14.98
2001-10-04,99626.3,15.88
2001-10-05,99628.9,16.14
2001-10-08,99629.5,16.2
2001-10-09,99627.5,16
2001-10-10,99635.7,16.82
2001-10-11,99644.9,17.74
2001-10-12,99647.6,18.01
2001-10-15,99647.4,17.99
2001-10-16,99988.4,18.01
2001-10-17,99988.4,16.99
2001-10-18,99988.4,18
2001-10-19,99988.4,18.3
2001-10-22,99988.4,19.02
2001-10-23,99988.4,18.14
2001-10-24,99988.4,18.95
2001-10-25,99988.4,19.19
2001-10-26,99988.4,18.67
2001-10-29,99988.4,17.63
2001-10-30,99988.4,17.6
2001-10-31,99988.4,17.56
2001-11-01,99988.4,18.59
2001-11-02,99950,18.57
2001-11-05,99955,19.07
2001-11-06,99960,19.57
2001-11-07,99960.2,19.59
2001-11-08,99951.4,18.71
2001-11-09,99951.4,18.71
2001-11-12,99951.8,18.75
2001-11-13,99958,19.37
2001-11-14,99960.4,19.61
2001-11-15,99958.8,19.45
2001-11-16,99980.8,18.97
2001-11-19,99980.8,20
2001-11-20,99980.8,19.53
2001-11-21,99980.8,19.68
2001-11-23,99980.8,19.84
2001-11-26,99980.8,21.37
2001-11-27,99980.8,21
2001-11-28,99980.8,20.53
2001-11-29,99980.8,20.42
2001-11-30,99980.8,21.3
2001-12-03,99980.8,21.05
2001-12-04,100003,22.4
2001-12-05,100016,23.76
2001-12-06,100006,22.78
2001-12-07,100004,22.54
2001-12-10,99967,22.54
2001-12-11,99967,21.78
2001-12-12,99967,21.49
2001-12-13,99967,21
2001-12-14,99967,20.39
2001-12-17,99967,20.62
2001-12-18,99967,21.01
2001-12-19,99967,21.62
2001-12-20,99984,20.67
2001-12-21,99987.3,21
2001-12-24,99990.9,21.36
2001-12-26,99992.2,21.49
2001-12-27,99998,22.07
2001-12-28,100002,22.43
2001-12-31,99961.3,21.9
2002-01-02,99961.3,23.3
2002-01-03,99961.3,23.58
2002-01-04,99961.3,23.69
2002-01-07,99961.3,22.9
2002-01-08,99961.3,22.61
2002-01-09,99981.2,21.65
2002-01-10,99977,21.23
2002-01-11,99975.2,21.05
2002-01-14,99976.2,21.15
2002-01-15,99981.7,21.7
2002-01-16,99972.5,20.78
2002-01-17,99989.5,22.48
2002-01-18,99986.4,22.17
2002-01-22,99982.9,21.82
2002-01-23,99994.9,23.02
2002-01-24,99996.8,23.21
2002-01-25,99964.3,23.25
2002-01-28,99964.3,23.27
2002-01-29,99964.3,23.07
2002-01-30,99964.3,24.09
2002-01-31,99964.3,24.72
2002-02-01,99964.3,24.41
2002-02-04,100026,25.35
2002-02-05,100027,25.45
2002-02-06,100019,24.67
2002-02-07,100016,24.3
2002-02-08,100013,24.03
2002-02-11,100022,24.98
2002-02-12,100020,24.71
2002-02-13,100023,25.01
2002-02-14,99970.4,24.6
2002-02-15,99970.4,23.9
2002-02-19,99970.4,22.62
2002-02-20,99970.4,23.13
2002-02-21,99970.4,21.5
2002-02-22,99970.4,22.74
2002-02-25,99970.4,23.81
2002-02-26,99970.4,23.67
2002-02-27,99970.4,21.96
2002-02-28,99970.4,21.7
2002-03-01,99970.4,23.45
2002-03-04,99970.4,24.29
2002-03-05,99970.4,23.53
2002-03-06,99970.4,24.07
2002-03-07,99970.4,24.38
2002-03-08,99970.4,24.66
2002-03-11,99970.4,25.06
2002-03-12,99970.4,24.72
2002-03-13,99970.4,24.49
2002-03-14,99970.4,24.43
2002-03-15,100054,24.95
2002-03-18,100052,24.74
2002-03-19,100053,24.85
2002-03-20,99974,24.92
2002-03-21,99974,24.27
2002-03-22,99974,24.09
2002-03-25,99974,23.35
2002-03-26,99974,23.46
2002-03-27,99974,23.47
2002-03-28,100040,23.67
2002-04-01,100048,24.46
2002-04-02,100044,24.07
2002-04-03,100040,23.75
2002-04-04,99945.1,24.9
2002-04-05,99945.1,24.74
2002-04-08,99945.1,24.56
2002-04-09,99945.1,24.1
2002-04-10,99945.1,24.66
2002-04-11,99945.1,24.86
2002-04-12,99945.1,25.06
2002-04-15,99945.1,25
2002-04-16,99945.1,25.74
2002-04-17,99945.1,26.11
2002-04-18,99945.1,25.41
2002-04-19,99945.1,24.98
2002-04-22,99945.1,24.53
2002-04-23,100044,24.25
2002-04-24,100039,23.77
2002-04-25,100043,24.12
2002-04-26,100032,23.01
2002-04-29,100041,23.96
2002-04-30,100044,24.27
2002-05-01,100041,23.98
2002-05-02,100038,23.69
2002-05-03,100037,23.51
2002-05-06,100028,22.65
2002-05-07,100026,22.47
2002-05-08,100045,24.37
2002-05-09,99950.6,24.19
2002-05-10,99950.6,23.32
2002-05-13,99950.6,23.94
2002-05-14,99950.6,25.61
2002-05-15,99950.6,25.28
2002-05-16,99950.6,25.21
2002-05-17,99950.6,25.01
2002-05-20,99950.6,24.74
2002-05-21,100035,23.46
2002-05-22,100044,24.32
2002-05-23,100053,25.18
2002-05-24,100042,24.15
2002-05-28,100041,23.98
2002-05-29,100041,23.98
2002-05-30,100043,24.2
2002-05-31,100034,23.3
2002-06-03,100030,22.91
2002-06-04,100029,22.78
2002-06-05,100028,22.72
2002-06-06,100022,22.16
2002-06-07,100015,21.4
2002-06-10,100016,21.48
2002-06-11,100005,20.46
2002-06-12,100002,20.09
2002-06-13,99996.2,19.54
2002-06-14,100002,20.1
2002-06-17,100006,20.54
2002-06-18,100002,20.15
2002-06-19,99972,17.12
2002-06-20,99971.9,17.11
2002-06-21,99969.3,16.85
2002-06-24,99973.5,17.27
2002-06-25,99972.2,17.14
2002-06-26,99966.3,16.55
2002-06-27,99971.4,17.06
2002-06-28,99978,17.72
2002-07-01,99971.4,17.06
2002-07-02,99970.2,16.94
2002-07-03,99976.3,17.55
2002-07-05,99988.2,18.74
2002-07-08,99980.9,18.01
2002-07-09,99976.1,17.53
2002-07-10,99974,17.32
2002-07-11,99983.8,18.3
2002-07-12,99975.8,17.5
2002-07-15,99983.1,18.23
2002-07-16,100016,17.86
2002-07-17,100016,15.63
2002-07-18,100016,14.99
2002-07-19,100016,14.96
2002-07-22,100016,14.92
2002-07-23,100016,14.47
2002-07-24,100016,15.2
2002-07-25,99952.4,14.36
2002-07-26,99952.2,14.34
2002-07-29,99959,15.02
2002-07-30,100010,15.43
2002-07-31,100010,15.26
2002-08-01,100010,14.8
2002-08-02,100010,14.45
2002-08-05,100010,13.99
2002-08-06,100010,14.74
2002-08-07,100010,15.03
2002-08-08,100010,15.3
2002-08-09,100010,15
2002-08-12,100010,14.99
2002-08-13,100010,14.59
2002-08-14,100010,15.17
2002-08-15,100010,15.61
2002-08-16,100010,15.81
2002-08-19,100010,15.98
2002-08-20,100010,15.91
2002-08-21,99969.3,16.12
2002-08-22,99967.8,15.97
2002-08-23,99965.4,15.73
2002-08-26,99963.4,15.53
2002-08-27,99956.6,14.85
2002-08-28,99955.1,14.7
2002-08-29,99955.1,14.7
2002-08-30,99955.6,14.75
2002-09-03,99995.2,14.05
2002-09-04,99995.2,14.48
2002-09-05,99995.2,14.18
2002-09-06,99995.2,14.38
2002-09-09,99995.2,14.37
2002-09-10,99995.2,14.33
2002-09-11,99995.2,14.29
2002-09-12,99995.2,14.14
2002-09-13,99995.2,14.17
2002-09-16,99995.2,14.5
2002-09-17,99995.2,14.8
2002-09-18,99995.2,15.02
2002-09-19,99995.2,14.58
2002-09-20,99995.2,14.87
2002-09-23,99995.2,14.85
2002-09-24,99925.6,14.64
2002-09-25,99928.5,14.93
2002-09-26,99926.2,14.7
2002-09-27,99990.7,14.72
2002-09-30,99990.7,14.5
2002-10-01,99990.7,14.51
2002-10-02,99990.7,14.17
2002-10-03,99990.7,14.3
2002-10-04,99990.7,14.03
2002-10-07,99990.7,13.77
2002-10-08,99990.7,13.69
2002-10-09,99990.7,13.6
2002-10-10,99990.7,14.12
2002-10-11,99990.7,14.51
2002-10-14,99990.7,14.77
2002-10-15,99990.7,15.16
2002-10-16,99990.7,14.56
2002-10-17,99990.7,14.11
2002-10-18,99990.7,14.34
2002-10-21,99990.7,14.56
2002-10-22,99990.7,14.7
2002-10-23,99990.7,14.88
2002-10-24,99990.7,14.69
2002-10-25,99990.7,15.42
2002-10-28,99990.7,15.61
2002-10-29,99990.7,15.44
2002-10-30,99990.7,15.98
2002-10-31,99990.7,16.07
2002-11-01,99990.7,16.36
2002-11-04,99990.7,16.89
2002-11-05,99990.7,16.9
2002-11-06,99990.7,17.22
2002-11-07,99990.7,16
2002-11-08,99990.7,15.84
2002-11-11,99990.7,15.16
2002-11-12,99920.8,15.64
2002-11-13,99920.3,15.59
2002-11-14,99927.4,16.3
2002-11-15,99923.9,15.95
2002-11-18,99920.9,15.65
2002-11-19,99979.3,15.27
2002-11-20,99979.3,15.53
2002-11-21,99979.3,16.35
2002-11-22,99979.3,16.01
2002-11-25,99979.3,15.97
2002-11-26,99979.3,15.41
2002-11-27,99979.3,15.72
2002-11-29,99979.3,15.5
2002-12-02,99979.3,15.18
2002-12-03,99979.3,15.16
2002-12-04,99979.3,14.97
2002-12-05,99979.3,14.63
2002-12-06,99979.3,14.95
2002-12-09,99905.4,14.75
2002-12-10,99910.7,15.28
2002-12-11,99912.8,15.49
2002-12-12,99909.8,15.19
2002-12-13,99981.1,14.79
2002-12-16,99981.1,14.85
2002-12-17,99981.1,15.08
2002-12-18,99981.1,14.57
2002-12-19,99981.1,14.2
2002-12-20,99981.1,14.14
2002-12-23,99981.1,14.49
2002-12-24,99981.1,14.36
2002-12-26,99981.1,14.4
2002-12-27,99981.1,14.06
2002-12-30,99981.1,14.07
2002-12-31,99981.1,14.33
2003-01-02,99981.1,14.8
2003-01-03,99981.1,14.9
2003-01-06,99981.1,14.9
2003-01-07,99981.1,14.85
2003-01-08,99981.1,14.55
2003-01-09,99886.6,14.68
2003-01-10,99887,14.72
2003-01-13,99886.1,14.63
2003-01-14,99885.9,14.61
2003-01-15,99884.1,14.43
2003-01-16,99886,14.62
2003-01-17,99880.8,14.1
2003-01-21,99880,14.02
2003-01-22,99878.6,13.88
2003-01-23,99881.5,14.17
2003-01-24,99877.8,13.8
2003-01-27,99881.1,14.13
2003-01-28,99885.6,14.58
2003-01-29,99885.6,14.58
2003-01-30,99883,14.32
2003-01-31,99883.4,14.36
2003-02-03,99996.3,14.66
2003-02-04,99996.3,14.6
2003-02-05,99996.3,14.45
2003-02-06,99996.3,14.43
2003-02-07,99996.3,14.15
2003-02-10,99996.3,14.35
2003-02-11,99996.3,14.35
2003-02-12,99996.3,14.39
2003-02-13,99996.3,14.54
2003-02-14,99996.3,14.67
2003-02-18,99996.3,15.27
2003-02-19,99996.3,14.85
2003-02-20,99996.3,14.77
2003-02-21,99996.3,15
2003-02-24,99996.3,14.74
2003-02-25,99996.3,15.02
2003-02-26,99996.3,14.5
2003-02-27,99996.3,14.86
2003-02-28,99996.3,15.01
2003-03-03,99906.3,14.65
2003-03-04,99905.4,14.56
2003-03-05,99906,14.62
2003-03-06,99905.4,14.56
2003-03-07,99905.1,14.53
2003-03-10,99903.5,14.37
2003-03-11,99902.1,14.23
2003-03-12,99902,14.22
2003-03-13,99993.8,14.72
2003-03-14,99993.8,14.78
2003-03-17,99993.8,15.01
2003-03-18,99993.8,15
2003-03-19,99993.8,14.95
2003-03-20,99993.8,14.91
2003-03-21,99993.8,15
2003-03-24,99993.8,14.37
2003-03-25,99993.8,14.55
2003-03-26,99993.8,14.41
2003-03-27,99993.8,14.49
2003-03-28,99993.8,14.57
2003-03-31,99993.8,14.14
2003-04-01,99927.8,14.16
2003-04-02,99932.2,14.6
2003-04-03,99930.8,14.46
2003-04-04,99994.6,14.41
2003-04-07,99994.6,14.49
2003-04-08,99994.6,14.45
2003-04-09,99994.6,14.19
2003-04-10,99994.6,14.37
2003-04-11,99994.6,13.2
2003-04-14,99994.6,13.58
2003-04-15,99994.6,13.39
2003-04-16,99994.6,13.24
2003-04-17,99994.6,13.12
2003-04-21,99994.6,13.14
2003-04-22,99994.6,13.51
2003-04-23,99994.6,13.58
2003-04-24,99994.6,13.44
2003-04-25,99994.6,13.35
2003-04-28,99994.6,13.86
2003-04-29,99994.6,14.06
2003-04-30,99932.5,14.22
2003-05-01,99933.9,14.36
2003-05-02,99934.8,14.45
2003-05-05,99951.2,16.09
2003-05-06,99965.3,17.5
2003-05-07,99966.8,17.65
2003-05-08,99970.3,18
2003-05-09,99973.3,18.3
2003-05-12,100006,18.56
2003-05-13,100006,18.67
2003-05-14,100006,18.55
2003-05-15,100006,18.73
2003-05-16,100006,18.8
2003-05-19,100006,18.1
2003-05-20,100006,17.79
2003-05-21,100006,17.85
2003-05-22,99949.9,18.24
2003-05-23,99950.7,18.32
2003-05-27,99956.3,18.88
2003-05-28,99950.3,18.28
2003-05-29,99948.5,18.1
2003-05-30,99947,17.95
2003-06-02,99942,17.45
2003-06-03,99940.6,17.31
2003-06-04,100005,17.6
2003-06-05,100005,17.64
2003-06-06,100005,17.15
2003-06-09,100005,16.79
2003-06-10,100005,17.18
2003-06-11,100005,17.45
2003-06-12,100005,17.77
2003-06-13,100005,17.42
2003-06-16,100005,18.27
2003-06-17,100005,18.19
2003-06-18,100005,19.12
2003-06-19,100005,19.14
2003-06-20,100005,19.2
2003-06-23,99969.7,19.06
2003-06-24,99966.9,18.78
2003-06-25,99970,19.09
2003-06-26,100022,19.29
2003-06-27,100022,18.73
2003-06-30,100022,19.06
2003-07-01,100022,19.09
2003-07-02,99973.8,19.27
2003-07-03,99972.4,19.13
2003-07-07,99979.8,19.87
2003-07-08,99985.1,20.4
2003-07-09,99980,19.89
2003-07-10,99976.9,19.58
2003-07-11,99979.6,19.85
2003-07-14,99980.1,19.9
2003-07-15,99977.2,19.61
2003-07-16,99979.8,19.87
2003-07-17,99990.1,20.9
2003-07-18,99989.7,20.859
2003-07-21,99987.2,20.61
2003-07-22,99989.1,20.8
2003-07-23,99989,20.79
2003-07-24,99986.2,20.51
2003-07-25,99996.5,21.54
2003-07-28,99991,20.99
2003-07-29,99988.3,20.72
2003-07-30,99983.9,20.28
2003-07-31,99991.9,21.08
2003-08-01,99988.4,20.73
2003-08-04,99993.2,21.21
2003-08-05,99984.9,20.38
2003-08-06,99977.4,19.63
2003-08-07,99980.4,19.93
2003-08-08,99977.5,19.64
2003-08-11,99977.7,19.66
2003-08-12,99972.6,19.7
2003-08-13,99972.6,20.18
2003-08-14,99972.6,19.97
2003-08-15,99979.7,19.71
2003-08-18,99986,20.34
2003-08-19,99985.8,20.32
2003-08-20,99992.7,21.01
2003-08-21,99971.8,21.68
2003-08-22,99971.8,20.88
2003-08-25,99971.8,20.86
2003-08-26,99971.8,21.05
2003-08-27,99971.8,21.48
2003-08-28,99971.8,22.19
2003-08-29,100010,22.61
2003-09-02,100012,22.85
2003-09-03,100013,22.95
2003-09-04,100012,22.83
2003-09-05,100008,22.5
2003-09-08,100011,22.74
2003-09-09,100007,22.37
2003-09-10,100005,22.18
2003-09-11,100009,22.56
2003-09-12,100014,23.1
2003-09-15,100006,22.21
2003-09-16,99960.6,22.36
2003-09-17,99960.6,22.12
2003-09-18,99960.6,22.88
2003-09-19,99960.6,22.58
2003-09-22,99960.6,22.08
2003-09-23,99960.6,22.43
2003-09-24,99983.6,21.32
2003-09-25,99974.7,20.43
2003-09-26,99977.3,20.69
2003-09-29,99983.4,21.3
2003-09-30,99977.6,20.72
2003-10-01,99978.3,20.79
2003-10-02,99976.1,20.57
2003-10-03,99987.3,21.69
2003-10-06,99993.3,22.29
2003-10-07,100003,23.22
2003-10-08,100001,23.06
2003-10-09,100005,23.45
2003-10-10,99951.9,23.68
2003-10-13,99951.9,24.35
2003-10-14,99951.9,24.55
2003-10-15,99951.9,24.82
2003-10-16,99951.9,23.25
2003-10-17,99951.9,22.75
2003-10-20,99951.9,23.22
2003-10-21,99951.9,23.18
2003-10-22,99951.9,22.76
2003-10-23,99951.9,22.99
2003-10-24,99951.9,22.6
2003-10-27,99951.9,22.6
2003-10-28,99951.9,23.72
2003-10-29,99951.9,23.69
2003-10-30,100019,23.09
2003-10-31,100017,22.89
2003-11-03,100020,23.15
2003-11-04,100017,22.91
2003-11-05,99957.3,23.03
2003-11-06,99957.3,23.12
2003-11-07,99957.3,22.5
2003-11-10,99957.3,21.9
2003-11-11,100015,21.54
2003-11-12,100023,22.33
2003-11-13,100024,22.42
2003-11-14,99955.8,21.46
2003-11-17,99955.8,21.13
2003-11-18,99955.8,20.41
2003-11-19,99955.8,20.4199
2003-11-20,99955.8,20.375
2003-11-21,99955.8,20.28
2003-11-24,99955.8,21.15
2003-11-25,99955.8,20.68
2003-11-26,99955.8,20.72
2003-11-28,100009,20.91
2003-12-01,100017,21.71
2003-12-02,100015,21.54
2003-12-03,100010,21.03
2003-12-04,100011,21.15
2003-12-05,100008,20.85
2003-12-08,100010,21.05
2003-12-09,100004,20.45
2003-12-10,99949.2,20.38
2003-12-11,99949.2,21.21
2003-12-12,99949.2,20.89
2003-12-15,99949.2,20.17
2003-12-16,99949.2,20.12
2003-12-17,99949.2,19.88
2003-12-18,99949.2,20.04
2003-12-19,99949.2,19.7
2003-12-22,99949.2,19.85
2003-12-23,99949.2,19.81
2003-12-24,99949.2,20.41
2003-12-26,99987.8,20.78
2003-12-29,99991.5,21.15
2003-12-30,99992.8,21.28
2003-12-31,99993.7,21.37
2004-01-02,99992.8,21.28
2004-01-05,100002,22.17
2004-01-06,100001,22.09
2004-01-07,99959.1,22.59
2004-01-08,99959.1,23.36
2004-01-09,99959.1,23
2004-01-12,99959.1,23.73
2004-01-13,99959.1,24.12
2004-01-14,99959.1,24.2
2004-01-15,100007,22.85
2004-01-16,100005,22.72
2004-01-20,100005,22.73
2004-01-21,100004,22.61
2004-01-22,99999.9,22.18
2004-01-23,100004,22.56
2004-01-26,100008,23.01
2004-01-27,100009,23.07
2004-01-28,100003,22.52
2004-01-29,100005,22.68
2004-01-30,100004,22.56
2004-02-02,100001,22.32
2004-02-03,100001,22.26
2004-02-04,99996,21.79
2004-02-05,99953.4,22.42
2004-02-06,99953.4,22.71
2004-02-09,99953.4,22.667
2004-02-10,99953.4,22.98
2004-02-11,99953.4,23.8
2004-02-12,99953.4,23.73
2004-02-13,99953.4,23
2004-02-17,99953.4,23.16
2004-02-18,99999.3,23.26
2004-02-19,99991.4,22.47
2004-02-20,99990.7,22.4
2004-02-23,99956.4,22.19
2004-02-24,99956.4,22.36
2004-02-25,99956.4,22.81
2004-02-26,99956.4,23.04
2004-02-27,99998.7,23.92
2004-03-01,99999.7,24.02
2004-03-02,99997.6,23.81
2004-03-03,99998.7,23.92
2004-03-04,100011,25.16
2004-03-05,99945.6,26.74
2004-03-08,99945.6,26
2004-03-09,99945.6,27.1
2004-03-10,99945.6,27.68
2004-03-11,99945.6,27.15
2004-03-12,100026,27.56
2004-03-15,100015,26.45
2004-03-16,100009,25.82
2004-03-17,100013,26.19
2004-03-18,100008,25.67
2004-03-19,100010,25.86
2004-03-22,100010,25.86
2004-03-23,100004,25.29
2004-03-24,100006,25.5
2004-03-25,100020,26.87
2004-03-26,100021,27.04
2004-03-29,99946.7,27.91
2004-03-30,99946.7,27.92
2004-03-31,99946.7,27.04
2004-04-01,100018,27.11
2004-04-02,100022,27.5
2004-04-05,100030,28.32
2004-04-06,100026,27.83
2004-04-07,100020,27.31
2004-04-08,100023,27.53
2004-04-12,99956.3,28.04
2004-04-13,99956.3,26.93
2004-04-14,99956.3,26.64
2004-04-15,99956.3,29.3
2004-04-16,99956.3,29.18
2004-04-19,99956.3,28.35
2004-04-20,99956.3,27.73
2004-04-21,99956.3,27.73
2004-04-22,99956.3,27.78
2004-04-23,99956.3,27.7
2004-04-26,99956.3,27.13
2004-04-27,99956.3,26.94
2004-04-28,99956.3,26.45
2004-04-29,99985.4,26.77
2004-04-30,99975.5,25.78
2004-05-03,99978.4,26.07
2004-05-04,99979.1,26.14
2004-05-05,99984.2,26.65
2004-05-06,99983.5,26.58
2004-05-07,99984.4,26.67
2004-05-10,99980.5,26.28
2004-05-11,99989.1,27.14
2004-05-12,99990.7,27.3
2004-05-13,99989.6,27.19
2004-05-14,99988.3,27.06
2004-05-17,99984.1,26.64
2004-05-18,99988.3,27.06
2004-05-19,99982.4,26.47
2004-05-20,99984.8,26.71
2004-05-21,99988.8,27.11
2004-05-24,99991.1,27.34
2004-05-25,99926.8,28.41
2004-05-26,99926.8,28.51
2004-05-27,99926.8,28.17
2004-05-28,99926.8,28.06
2004-06-01,99926.8,28.06
2004-06-02,99926.8,28.92
2004-06-03,99926.8,28.4
2004-06-04,99926.8,28.78
2004-06-07,100014,29.81
2004-06-08,100019,30.35
2004-06-09,100018,30.2
2004-06-10,100023,30.74
2004-06-14,100017,30.12
2004-06-15,100023,30.69
2004-06-16,100043,32.74
2004-06-17,100044,32.81
2004-06-18,100045,32.91
2004-06-21,99947.8,32.33
2004-06-22,99947.8,33
2004-06-23,99947.8,33.7
2004-06-24,99947.8,33.18
2004-06-25,99947.8,33.7
2004-06-28,99947.8,32.49
2004-06-29,99947.8,32.5
2004-06-30,99947.8,32.54
2004-07-01,100041,32.3
2004-07-02,100029,31.08
2004-07-06,100027,30.95
2004-07-07,100022,30.39
2004-07-08,100019,30.14
2004-07-09,100018,30.03
2004-07-12,100009,29.14
2004-07-13,100010,29.22
2004-07-14,100014,29.58
2004-07-15,100047,32.93
2004-07-16,100040,32.2
2004-07-19,100038,31.97
2004-07-20,99924.6,32.2
2004-07-21,99924.6,31.62
2004-07-22,99924.6,31.68
2004-07-23,99924.6,30.7
2004-07-26,100011,31.26
2004-07-27,100023,32.43
2004-07-28,100022,32.27
2004-07-29,100025,32.64
2004-07-30,100022,32.34
2004-08-02,100015,31.58
2004-08-03,99916,31.29
2004-08-04,99916,31.79
2004-08-05,99916,31.39
2004-08-06,99916,29.78
2004-08-09,99916,30.3
2004-08-10,99916,31.52
2004-08-11,99916,31.01
2004-08-12,99916,30.37
2004-08-13,99916,30.84
2004-08-16,99916,30.78
2004-08-17,99916,30.87
2004-08-18,99916,31.74
2004-08-19,99916,30.71
2004-08-20,99916,30.8
2004-08-23,99916,31.08
2004-08-24,99916,31.95
2004-08-25,99991,33.05
2004-08-26,100007,34.66
2004-08-27,100004,34.35
2004-08-30,100002,34.12
2004-08-31,100005,34.49
2004-09-01,100019,35.86
2004-09-02,100017,35.66
2004-09-03,100013,35.23
2004-09-07,100018,35.76
2004-09-08,100024,36.35
2004-09-09,100018,35.7
2004-09-10,99906.6,35.87
2004-09-13,99906.6,35.59
2004-09-14,99906.6,35.49
2004-09-15,99906.6,35.2
2004-09-16,99906.6,36.35
2004-09-17,99906.6,37.14
2004-09-20,99906.6,37.71
2004-09-21,99906.6,38.01
2004-09-22,99906.6,36.92
2004-09-23,99906.6,37.27
2004-09-24,99906.6,37.29
2004-09-27,99906.6,37.53
2004-09-28,99906.6,38.04
2004-09-29,99906.6,38.68
2004-09-30,99906.6,38.75
2004-10-01,99906.6,38.67
2004-10-04,99906.6,38.79
2004-10-05,99906.6,39.37
2004-10-06,99906.6,40.64
2004-10-07,99906.6,39.62
2004-10-08,99906.6,39.06
2004-10-11,99906.6,38.59
2004-10-12,100046,38.29
2004-10-13,100060,39.75
2004-10-14,100113,44.98
2004-10-15,100118,45.5
2004-10-18,100140,47.75
2004-10-19,100137,47.42
2004-10-20,100137,47.47
2004-10-21,100142,47.94
2004-10-22,100137,47.41
2004-10-25,100138,47.55
2004-10-26,100142,47.97
2004-10-27,100166,50.3
2004-10-28,100185,52.19
2004-10-29,100187,52.4
2004-11-01,99906.6,52.45
2004-11-02,99906.6,53.5
2004-11-03,99906.6,55.31
2004-11-04,99906.6,54.45
2004-11-05,99906.6,54.72
2004-11-08,99906.6,54.38
2004-11-09,99906.6,54.05
2004-11-10,99906.6,54.75
2004-11-11,99906.6,55.3
2004-11-12,99906.6,55.5
2004-11-15,99906.6,55.24
2004-11-16,99906.6,54.935
2004-11-17,100212,54.9
2004-11-18,100217,55.39
2004-11-19,100215,55.17
2004-11-22,100276,61.35
2004-11-23,100276,61.27
2004-11-24,100303,64.05
2004-11-26,100308,64.55
2004-11-29,99896.5,68.44
2004-11-30,99896.5,67.05
2004-12-01,99896.5,67.79
2004-12-02,99896.5,65.21
2004-12-03,99896.5,62.68
2004-12-06,99896.5,65.78
2004-12-07,100288,62.89
2004-12-08,100292,63.28
2004-12-09,100299,63.99
2004-12-10,100310,65.15
2004-12-13,100308,64.91
2004-12-14,100312,65.29
2004-12-15,100311,65.26
2004-12-16,100325,66.596
2004-12-17,100309,64.99
2004-12-20,100286,62.72
2004-12-21,100296,63.69
2004-12-22,100296,63.75
2004-12-23,100299,64.01
2004-12-27,100290,63.16
2004-12-28,100301,64.18
2004-12-29,100303,64.44
2004-12-30,100307,64.8
2004-12-31,100303,64.4
2005-01-03,100292,63.29
2005-01-04,100298,63.94
2005-01-05,100304,64.5
2005-01-06,99908.4,64.55
2005-01-07,99908.4,69.25
2005-01-10,99908.4,68.96
2005-01-11,100303,64.56
2005-01-12,100312,65.46
2005-01-13,100355,69.8
2005-01-14,100359,70.2
2005-01-18,100364,70.65
2005-01-19,100356,69.88
2005-01-20,100362,70.46
2005-01-21,100362,70.49
2005-01-24,99910.5,70.76
2005-01-25,99910.5,72.05
2005-01-26,99910.5,72.25
2005-01-27,99910.5,72.64
2005-01-28,99910.5,73.98
2005-01-31,99910.5,76.9
2005-02-01,99910.5,77.53
2005-02-02,99910.5,79.63
2005-02-03,99910.5,77.81
2005-02-04,100468,78.84
2005-02-07,100469,78.94
2005-02-08,100488,80.9
2005-02-09,100467,78.74
2005-02-10,100463,78.36
2005-02-11,100492,81.21
2005-02-14,100526,84.63
2005-02-15,100564,88.41
2005-02-16,100581,90.13
2005-02-17,100558,87.81
2005-02-18,100548,86.81
2005-02-22,100532,85.29
2005-02-23,100562,88.23
2005-02-24,100569,88.93
2005-02-25,100569,88.99
2005-02-28,100128,44.86
2005-03-01,100124,44.5
2005-03-02,100121,44.121
2005-03-03,100097,41.79
2005-03-04,100108,42.81
2005-03-07,100107,42.75
2005-03-08,99920.3,40.53
2005-03-09,99920.3,39.35
2005-03-10,99920.3,39.83
2005-03-11,99920.3,40.27
2005-03-14,99920.3,40.32
2005-03-15,99920.3,40.96
2005-03-16,99920.3,41.18
2005-03-17,99920.3,42.25
2005-03-18,99920.3,42.96
2005-03-21,99920.3,43.7
2005-03-22,99920.3,42.83
2005-03-23,99920.3,42.55
2005-03-24,99920.3,42.5
2005-03-28,99920.3,42.53
2005-03-29,99920.3,41.75
2005-03-30,100104,42.8
2005-03-31,100093,41.67
2005-04-01,100085,40.89
2005-04-04,100087,41.09
2005-04-05,100095,41.89
2005-04-06,100099,42.33
2005-04-07,100112,43.56
2005-04-08,100114,43.74
2005-04-11,100095,41.92
2005-04-12,100103,42.66
2005-04-13,100087,41.04
2005-04-14,100049,37.26
2005-04-15,99902.9,35.35
2005-04-18,99902.9,35.62
2005-04-19,99902.9,37.09
2005-04-20,99902.9,35.51
2005-04-21,99902.9,37.14
2005-04-22,99902.9,35.5
2005-04-25,99902.9,36.98
2005-04-26,99902.9,36.19
2005-04-27,99902.9,35.95
2005-04-28,99902.9,35.54
2005-04-29,99902.9,36.06
2005-05-02,99902.9,36.43
2005-05-03,99902.9,36.21
2005-05-04,99902.9,37.15
2005-05-05,99902.9,36.68
2005-05-06,99902.9,37.24
2005-05-09,100071,36.97
2005-05-10,100065,36.42
2005-05-11,100057,35.61
2005-05-12,100042,34.13
2005-05-13,99905.3,34.77
2005-05-16,99905.3,35.55
2005-05-17,99905.3,35.36
2005-05-18,99905.3,35.84
2005-05-19,99905.3,37.55
2005-05-20,99905.3,37.55
2005-05-23,99905.3,39.76
2005-05-24,99905.3,39.7
2005-05-25,99905.3,39.78
2005-05-26,99905.3,40.74
2005-05-27,99905.3,40.56
2005-05-31,99905.3,39.7593
2005-06-01,99905.3,40.3
2005-06-02,99905.3,40.04
2005-06-03,100121,38.24
2005-06-06,100118,37.92
2005-06-07,100104,36.54
2005-06-08,100108,36.92
2005-06-09,99908.4,37.65
2005-06-10,99908.4,35.81
2005-06-13,99908.4,35.9
2005-06-14,99908.4,36
2005-06-15,99908.4,37.13
2005-06-16,99908.4,37.98
2005-06-17,99908.4,38.31
2005-06-20,100113,37.61
2005-06-21,100115,37.86
2005-06-22,100122,38.55
2005-06-23,100126,38.89
2005-06-24,100114,37.76
2005-06-27,100108,37.1
2005-06-28,100110,37.31
2005-06-29,100101,36.37
2005-06-30,100105,36.81
2005-07-01,100102,36.5
2005-07-05,100117,37.98
2005-07-06,99911.1,37.39
2005-07-07,99911.1,37.63
2005-07-08,99911.1,38.25
2005-07-11,99911.1,38.1
2005-07-12,99911.1,38.24
2005-07-13,99911.1,38.35
2005-07-14,99911.1,40.75
2005-07-15,100151,41.55
2005-07-18,100150,41.49
2005-07-19,100167,43.19
2005-07-20,100171,43.63
2005-07-21,100168,43.29
2005-07-22,100175,44
2005-07-25,100173,43.81
2005-07-26,100171,43.63
2005-07-27,100175,43.99
2005-07-28,100173,43.8
2005-07-29,100162,42.65
2005-08-01,100163,42.75
2005-08-02,100167,43.19
2005-08-03,99883.3,43.22
2005-08-04,99883.3,42.71
2005-08-05,99883.3,42.99
2005-08-08,99883.3,42.65
2005-08-09,99883.3,43.82
2005-08-10,99883.3,43.38
2005-08-11,99883.3,44
2005-08-12,99883.3,46.1
2005-08-15,99883.3,47.68
2005-08-16,99883.3,46.25
2005-08-17,99883.3,47.15
2005-08-18,99883.3,46.3
2005-08-19,99883.3,45.83
2005-08-22,99883.3,45.87
2005-08-23,99883.3,45.74
2005-08-24,99883.3,45.77
2005-08-25,99883.3,46.06
2005-08-26,99883.3,45.74
2005-08-29,100193,45.84
2005-08-30,100200,46.57
2005-08-31,100203,46.89
2005-09-01,100197,46.26
2005-09-02,100197,46.22
2005-09-06,100222,48.8
2005-09-07,99873.2,48.68
2005-09-08,99873.2,49.78
2005-09-09,99873.2,51.31
2005-09-12,99873.2,51.4
2005-09-13,99873.2,50.82
2005-09-14,99873.2,49.61
2005-09-15,99873.2,49.87
2005-09-16,99873.2,51.21
2005-09-19,99873.2,52.64
2005-09-20,99873.2,53.19
2005-09-21,99873.2,52.11
2005-09-22,100241,51.9
2005-09-23,100254,53.2
2005-09-26,100261,53.84
2005-09-27,100257,53.44
2005-09-28,99871.1,51.08
2005-09-29,99871.1,52.34
2005-09-30,99871.1,53.61
2005-10-03,99871.1,54.44
2005-10-04,99871.1,53.75
2005-10-05,99871.1,52.7801
2005-10-06,99871.1,51.7
2005-10-07,99871.1,51.3
2005-10-10,99871.1,50.37
2005-10-11,99871.1,51.59
2005-10-12,100203,49.25
2005-10-13,100248,53.74
2005-10-14,100250,54
2005-10-17,100245,53.44
2005-10-18,100232,52.21
2005-10-19,99870.5,54.94
2005-10-20,99870.5,56.14
2005-10-21,99870.5,55.66
2005-10-24,99870.5,56.79
2005-10-25,99870.5,56.1
2005-10-26,99870.5,57.03
2005-10-27,99870.5,55.41
2005-10-28,99870.5,54.47
2005-10-31,100290,57.59
2005-11-01,100289,57.5
2005-11-02,100314,59.95
2005-11-03,100333,61.8499
2005-11-04,100326,61.15
2005-11-07,100316,60.23
2005-11-08,100313,59.9
2005-11-09,100315,60.11
2005-11-10,100326,61.18
2005-11-11,100330,61.54
2005-11-14,100329,61.45
2005-11-15,100337,62.28
2005-11-16,100364,64.95
2005-11-17,100359,64.52
2005-11-18,100360,64.56
2005-11-21,100364,64.96
2005-11-22,100379,66.52
2005-11-23,100385,67.11
2005-11-25,100408,69.34
2005-11-28,100411,69.66
2005-11-29,100395,68.1
2005-11-30,100392,67.82
2005-12-01,99854.9,71.6001
2005-12-02,99854.9,72.63
2005-12-05,99854.9,71.82
2005-12-06,99854.9,74.05
2005-12-07,100448,73.95
2005-12-08,100450,74.08
2005-12-09,100452,74.3305
2005-12-12,100458,74.91
2005-12-13,100459,74.98
2005-12-14,100429,72.01
2005-12-15,100431,72.18
2005-12-16,100420,71.11
2005-12-19,100423,71.38
2005-12-20,100430,72.11
2005-12-21,100444,73.5
2005-12-22,100449,74.02
2005-12-23,100442,73.35
2005-12-27,100451,74.23
2005-12-28,100445,73.57
2005-12-29,100423,71.45
2005-12-30,100428,71.89
2006-01-03,100456,74.75
2006-01-04,100459,74.97
2006-01-05,100453,74.38
2006-01-06,99855.1,76.3
2006-01-09,99855.1,76.05
2006-01-10,99855.1,80.86
2006-01-11,99855.1,83.9
2006-01-12,99855.1,84.291
2006-01-13,99855.1,85.5899
2006-01-17,99855.1,84.7101
2006-01-18,99855.1,82.4901
2006-01-19,99855.1,79.035
2006-01-20,100475,76.089
2006-01-23,100490,77.67
2006-01-24,100474,76.04
2006-01-25,100456,74.2
2006-01-26,100437,72.33
2006-01-27,100434,72.03
2006-01-30,100464,75
2006-01-31,100469,75.51
2006-02-01,100468,75.42
2006-02-02,100435,72.1
2006-02-03,100432,71.847
2006-02-06,100387,67.3
2006-02-07,100390,67.6
2006-02-08,100402,68.81
2006-02-09,100363,64.95
2006-02-10,100387,67.31
2006-02-13,100361,64.71
2006-02-14,100390,67.645
2006-02-15,100406,69.22
2006-02-16,99853.9,70.57
2006-02-17,99853.9,70.29
2006-02-21,99853.9,69.08
2006-02-22,99853.9,71.32
2006-02-23,99853.9,71.75
2006-02-24,99853.9,71.46
2006-02-27,99853.9,70.99
2006-02-28,99853.9,68.49
2006-03-01,99853.9,69.1
2006-03-02,100400,69.61
2006-03-03,100381,67.72
2006-03-06,100359,65.48
2006-03-07,100367,66.31
2006-03-08,100361,65.66
2006-03-09,100343,63.93
2006-03-10,100336,63.19
2006-03-13,100361,65.68
2006-03-14,100377,67.32
2006-03-15,99862.9,66.23
2006-03-16,99862.9,64.31
2006-03-17,99862.9,64.66
2006-03-20,100341,63.99
2006-03-21,100319,61.81
2006-03-22,100318,61.67
2006-03-23,100303,60.16
2006-03-24,100301,59.96
2006-03-27,100296,59.51
2006-03-28,100288,58.71
2006-03-29,100324,62.33
2006-03-30,100329,62.75
2006-03-31,100328,62.72
2006-04-03,100328,62.65
2006-04-04,100313,61.17
2006-04-05,100373,67.21
2006-04-06,100414,71.24
2006-04-07,100399,69.79
2006-04-10,100388,68.67
2006-04-11,100381,67.99
2006-04-12,100368,66.71
2006-04-13,100366,66.469
2006-04-17,100349,64.811
2006-04-18,100363,66.22
2006-04-19,100358,65.65
2006-04-20,99859.7,67.63
2006-04-21,99859.7,67.04
2006-04-24,99859.7,65.75
2006-04-25,99859.7,66.17
2006-04-26,99859.7,68.15
2006-04-27,99859.7,69.36
2006-04-28,100410,70.39
2006-05-01,100402,69.6
2006-05-02,100422,71.62
2006-05-03,100417,71.14
2006-05-04,100417,71.13
2006-05-05,100425,71.89
2006-05-08,100425,71.89
2006-05-09,100416,71.03
2006-05-10,100412,70.6
2006-05-11,100388,68.15
2006-05-12,100383,67.7
2006-05-15,100384,67.79
2006-05-16,100356,64.98
2006-05-17,100359,65.26
2006-05-18,100338,63.18
2006-05-19,99856.6,64.51
2006-05-22,99856.6,63.38
2006-05-23,99856.6,63.15
2006-05-24,99856.6,63.34
2006-05-25,99856.6,64.33
2006-05-26,99856.6,63.549
2006-05-30,99856.6,61.22
2006-05-31,99856.6,59.77
2006-06-01,99856.6,62.17
2006-06-02,99856.6,61.66
2006-06-05,99856.6,60
2006-06-06,99856.6,59.723
2006-06-07,99856.6,58.565
2006-06-08,99856.6,60.76
2006-06-09,100303,59.52
2006-06-12,100278,57
2006-06-13,100291,58.33
2006-06-14,100284,57.61
2006-06-15,100302,59.38
2006-06-16,100283,57.56
2006-06-19,100280,57.2
2006-06-20,100282,57.47
2006-06-21,99848.7,57.86
2006-06-22,99848.7,59.58
2006-06-23,99848.7,58.83
2006-06-26,100296,58.99
2006-06-27,100281,57.43
2006-06-28,100267,56.02
2006-06-29,100296,58.97
2006-06-30,100279,57.27
2006-07-03,100286,57.95
2006-07-05,100276,57.0015
2006-07-06,100264,55.77
2006-07-07,100260,55.4
2006-07-10,100256,55
2006-07-11,100263,55.65
2006-07-12,100236,52.96
2006-07-13,100229,52.25
2006-07-14,100213,50.67
2006-07-17,100230,52.37
2006-07-18,100235,52.9
2006-07-19,100247,54.1
2006-07-20,100311,60.5
2006-07-21,100314,60.72
2006-07-24,100321,61.42
2006-07-25,100326,61.928
2006-07-26,100345,63.87
2006-07-27,100340,63.4
2006-07-28,100362,65.59
2006-07-31,99852.5,67.96
2006-08-01,99852.5,67.18
2006-08-02,99852.5,68.16
2006-08-03,99852.5,69.59
2006-08-04,99852.5,68.3
2006-08-07,99852.5,67.21
2006-08-08,99852.5,64.78
2006-08-09,99852.5,63.59
2006-08-10,99852.5,64.07
2006-08-11,99852.5,63.65
2006-08-14,99852.5,63.94
2006-08-15,99852.5,66.45
2006-08-16,99852.5,67.98
2006-08-17,99852.5,67.59
2006-08-18,99852.5,67.91
2006-08-21,100375,66.56
2006-08-22,100386,67.62
2006-08-23,100383,67.31
2006-08-24,100388,67.81
2006-08-25,99846.8,68.75
2006-08-28,99846.8,66.98
2006-08-29,99846.8,66.48
2006-08-30,99846.8,66.96
2006-08-31,99846.8,67.85
2006-09-01,99846.8,68.38
2006-09-05,99846.8,71.48
2006-09-06,100400,70.03
2006-09-07,100428,72.8
2006-09-08,100425,72.52
2006-09-11,100425,72.5
2006-09-12,100426,72.63
2006-09-13,100442,74.2
2006-09-14,100442,74.17
2006-09-15,100441,74.1
2006-09-18,100439,73.89
2006-09-19,100438,73.77
2006-09-20,100453,75.26
2006-09-21,100447,74.65
2006-09-22,100430,73
2006-09-25,100458,75.75
2006-09-26,100476,77.61
2006-09-27,100464,76.41
2006-09-28,100470,77.01
2006-09-29,100470,76.98
2006-10-02,100449,74.86
2006-10-03,100441,74.07
2006-10-04,100454,75.38
2006-10-05,100448,74.83
2006-10-06,99842.9,74.22
2006-10-09,99842.9,74.63
2006-10-10,99842.9,73.81
2006-10-11,100429,73.23
2006-10-12,100449,75.26
2006-10-13,100447,75.02
2006-10-16,100451,75.4
2006-10-17,100439,74.29
2006-10-18,100442,74.53
2006-10-19,100486,78.99
2006-10-20,100496,79.95
2006-10-23,100511,81.46
2006-10-24,100507,81.05
2006-10-25,100513,81.68
2006-10-26,100518,82.19
2006-10-27,100501,80.41
2006-10-30,100501,80.42
2006-10-31,100507,81.08
2006-11-01,99845.7,79.16
2006-11-02,99845.7,78.98
2006-11-03,99845.7,78.29
2006-11-06,99845.7,79.71
2006-11-07,99845.7,80.51
2006-11-08,99845.7,82.45
2006-11-09,99845.7,83.34
2006-11-10,99845.7,83.12
2006-11-13,99845.7,84.35
2006-11-14,99845.7,85
2006-11-15,100539,84.05
2006-11-16,100554,85.61
2006-11-17,100557,85.85
2006-11-20,100563,86.47
2006-11-21,100584,88.6
2006-11-22,100601,90.31
2006-11-24,100615,91.63
2006-11-27,100594,89.54
2006-11-28,100616,91.81
2006-11-29,99840.9,91.8
2006-11-30,99840.9,91.66
2006-12-01,99840.9,91.32
2006-12-04,99840.9,91.12
2006-12-05,99840.9,91.27
2006-12-06,99840.9,89.83
2006-12-07,99840.9,87.04
2006-12-08,99840.9,88.26
2006-12-11,99840.9,88.75
2006-12-12,99840.9,86.14
2006-12-13,99840.9,89.05
2006-12-14,100576,88.55
2006-12-15,100568,87.72
2006-12-18,100545,85.47
2006-12-19,100554,86.31
2006-12-20,100538,84.76
2006-12-21,100519,82.9
2006-12-22,99839.4,82.2
2006-12-26,99839.4,81.51
2006-12-27,99839.4,81.52
2006-12-28,99839.4,80.87
2006-12-29,99839.4,84.84
2007-01-03,100531,83.8
2007-01-04,100550,85.66
2007-01-05,100543,85.05
2007-01-08,100548,85.47
2007-01-09,100619,92.57
2007-01-10,100663,97
2007-01-11,100651,95.8
2007-01-12,100639,94.62
2007-01-16,100664,97.1
2007-01-17,100642,94.95
2007-01-18,100584,89.07
2007-01-19,100578,88.5
2007-01-22,100561,86.79
2007-01-23,100550,85.7
2007-01-24,100560,86.7
2007-01-25,100555,86.25
2007-01-26,100547,85.38
2007-01-29,100552,85.94
2007-01-30,100548,85.55
2007-01-31,100550,85.73
2007-02-01,100540,84.74
2007-02-02,99833.8,84.75
2007-02-05,99833.8,83.94
2007-02-06,99833.8,84.15
2007-02-07,99833.8,86.15
2007-02-08,99833.8,86.18
2007-02-09,99833.8,83.27
2007-02-12,99833.8,84.88
2007-02-13,99833.8,84.7
2007-02-14,100552,85.3
2007-02-15,100551,85.21
2007-02-16,100547,84.83
2007-02-20,100558,85.9
2007-02-21,100591,89.2
2007-02-22,100594,89.51
2007-02-23,100590,89.07
2007-02-26,100585,88.65
2007-02-27,99833.7,83.93
2007-02-28,99833.7,84.61
2007-03-01,99833.7,87.06
2007-03-02,99833.7,85.41
2007-03-05,99833.7,86.3199
2007-03-06,99833.7,88.19
2007-03-07,99833.7,87.72
2007-03-08,99833.7,88
2007-03-09,99833.7,87.97
2007-03-12,99833.7,89.87
2007-03-13,99833.7,88.4
2007-03-14,99833.7,90
2007-03-15,99833.7,89.57
2007-03-16,99833.7,89.59
2007-03-19,99833.7,91.13
2007-03-20,99833.7,91.48
2007-03-21,99833.7,93.87
2007-03-22,99833.7,93.96
2007-03-23,100593,93.52
2007-03-26,100616,95.85
2007-03-27,100612,95.46
2007-03-28,100590,93.24
2007-03-29,100595,93.75
2007-03-30,100587,92.91
2007-04-02,100594,93.65
2007-04-03,100603,94.5
2007-04-04,100600,94.27
2007-04-05,100605,94.68
2007-04-09,99843.4,93.65
2007-04-10,99843.4,94.25
2007-04-11,99843.4,92.59
2007-04-12,99843.4,92.19
2007-04-13,100558,90.24
2007-04-16,100569,91.43
2007-04-17,100559,90.35
2007-04-18,100559,90.4
2007-04-19,100558,90.27
2007-04-20,100565,90.97
2007-04-23,99832,93.51
2007-04-24,99832,93.24
2007-04-25,99832,95.348
2007-04-26,99832,98.84
2007-04-27,99832,99.92
2007-04-30,99832,99.8
2007-05-01,100643,99.47
2007-05-02,100652,100.39
2007-05-03,100653,100.4
2007-05-04,100657,100.81
2007-05-07,100688,103.92
2007-05-08,100699,105.06
2007-05-09,100717,106.88
2007-05-10,100722,107.34
2007-05-11,100736,108.74
2007-05-14,100742,109.36
2007-05-15,100724,107.52
2007-05-16,100722,107.34
2007-05-17,100743,109.44
2007-05-18,100749,110.02
2007-05-21,100768,111.98
2007-05-22,100784,113.54
2007-05-23,100778,112.89
2007-05-24,100756,110.69
2007-05-25,99824,113.62
2007-05-29,99824,114.35
2007-05-30,99824,118.77
2007-05-31,99824,121.191
2007-06-01,99824,118.4
2007-06-04,99824,121.33
2007-06-05,99824,122.67
2007-06-06,99824,123.64
2007-06-07,99824,124.069
2007-06-08,99824,124.49
2007-06-11,99824,120.19
2007-06-12,99824,120.38
2007-06-13,99824,117.5
2007-06-14,99824,118.75
2007-06-15,99824,120.5
2007-06-18,99824,125.09
2007-06-19,99824,123.66
2007-06-20,99824,121.55
2007-06-21,100871,123.9
2007-06-22,100862,123
2007-06-25,100855,122.34
2007-06-26,100828,119.65
2007-06-27,100850,121.89
2007-06-28,100837,120.56
2007-06-29,100852,122.04
2007-07-02,100844,121.26
2007-07-03,100903,127.17
2007-07-05,100959,132.75
2007-07-06,100955,132.3
2007-07-09,99823.5,130.33
2007-07-10,99823.5,132.35
2007-07-11,99823.5,132.39
2007-07-12,99823.5,134.07
2007-07-13,99823.5,137.73
2007-07-16,99823.5,138.1
2007-07-17,99823.5,138.91
2007-07-18,99823.5,138.12
2007-07-19,99823.5,140
2007-07-20,99823.5,143.75
2007-07-23,101068,143.7
2007-07-24,100980,134.89
2007-07-25,101004,137.26
2007-07-26,101091,146
2007-07-27,101070,143.85
2007-07-30,101046,141.43
2007-07-31,100949,131.76
2007-08-01,100981,135
2007-08-02,100996,136.49
2007-08-03,99826,131.85
2007-08-06,99826,135.25
2007-08-07,99826,135.03
2007-08-08,100967,134.01
2007-08-09,100890,126.39
2007-08-10,100876,125
2007-08-13,100904,127.79
2007-08-14,100867,124.03
2007-08-15,100826,119.9
2007-08-16,100797,117.05
2007-08-17,100847,122.06
2007-08-20,99834.1,122.22
2007-08-21,99834.1,127.57
2007-08-22,99834.1,132.51
2007-08-23,99834.1,131.07
2007-08-24,99834.1,135.3
2007-08-27,99834.1,132.25
2007-08-28,99834.1,126.82
2007-08-29,99834.1,134.08
2007-08-30,99834.1,136.25
2007-08-31,99834.1,138.48
2007-09-04,99834.1,144.16
2007-09-05,100985,136.76
2007-09-06,100968,135.01
2007-09-07,100935,131.77
2007-09-10,99826.6,136.71
2007-09-11,99826.6,135.49
2007-09-12,99826.6,136.85
2007-09-13,99826.6,137.2
2007-09-14,99826.6,138.81
2007-09-17,99826.6,138.41
2007-09-18,99826.6,140.92
2007-09-19,99826.6,140.77
2007-09-20,99826.6,140.31
2007-09-21,99826.6,144.15
2007-09-24,99826.6,148.28
2007-09-25,99826.6,153.18
2007-09-26,99826.6,152.77
2007-09-27,99826.6,154.5
2007-09-28,99826.6,153.47
2007-10-01,99826.6,156.339
2007-10-02,99826.6,158.45
2007-10-03,99826.6,157.92
2007-10-04,99826.6,156.24
2007-10-05,99826.6,161.45
2007-10-08,99826.6,167.91
2007-10-09,99826.6,167.86
2007-10-10,99826.6,166.79
2007-10-11,99826.6,162.23
2007-10-12,99826.6,167.254
2007-10-15,99826.6,166.98
2007-10-16,99826.6,169.58
2007-10-17,99826.6,172.75
2007-10-18,99826.6,173.5
2007-10-19,99826.6,170.42
2007-10-22,99826.6,174.36
2007-10-23,99826.6,186.16
2007-10-24,99826.6,185.93
2007-10-25,99826.6,182.78
2007-10-26,99826.6,184.7
2007-10-29,99826.6,185.09
2007-10-30,99826.6,187
2007-10-31,99826.6,189.95
2007-11-01,101491,187.44
2007-11-02,101496,187.87
2007-11-05,101479,186.18
2007-11-06,101535,191.79
2007-11-07,101480,186.3
2007-11-08,101372,175.466
2007-11-09,101271,165.37
2007-11-12,101155,153.76
2007-11-13,101317,169.96
2007-11-14,101278,166.11
2007-11-15,99842.1,164.3
2007-11-16,99842.1,166.39
2007-11-19,99842.1,163.95
2007-11-20,99842.1,168.85
2007-11-21,99842.1,168.46
2007-11-23,99842.1,171.54
2007-11-26,99842.1,172.542
2007-11-27,101364,174.81
2007-11-28,101418,180.22
2007-11-29,101459,184.29
2007-11-30,99842.5,182.22
2007-12-03,99842.5,178.86
2007-12-04,99842.5,179.81
2007-12-05,99842.5,185.5
2007-12-06,99842.5,189.953
2007-12-07,99842.5,194.3
2007-12-10,101562,194.21
2007-12-11,101505,188.54
2007-12-12,101528,190.86
2007-12-13,101538,191.83
2007-12-14,101524,190.39
2007-12-17,101464,184.4
2007-12-18,101449,182.98
2007-12-19,101451,183.12
2007-12-20,101492,187.21
2007-12-21,101559,193.91
2007-12-24,101608,198.8
2007-12-26,99842.3,198.95
2007-12-27,99842.3,198.57
2007-12-28,99842.3,199.83
2007-12-31,99842.3,198.08
2008-01-02,99842.3,194.84
2008-01-03,99842.3,194.93
2008-01-04,99842.3,180.05
2008-01-07,99842.3,177.64
2008-01-08,101328,171.25
2008-01-09,101409,179.4
2008-01-10,101396,178.02
2008-01-11,101342,172.69
2008-01-14,101403,178.78
2008-01-15,101306,169.04
2008-01-16,101212,159.64
2008-01-17,101224,160.89
2008-01-18,101229,161.36
2008-01-22,101172,155.64
2008-01-23,99818.8,139.072
2008-01-24,99818.8,135.6
2008-01-25,99818.8,130.01
2008-01-28,99818.8,130.01
2008-01-29,99818.8,131.54
2008-01-30,99818.8,132.18
2008-01-31,99818.8,135.36
2008-02-01,99818.8,133.75
2008-02-04,99818.8,131.65
2008-02-05,100904,129.36
2008-02-06,100831,122
2008-02-07,100823,121.24
2008-02-08,100865,125.48
2008-02-11,99817.5,129.45
2008-02-12,99817.5,124.86
2008-02-13,99817.5,129.4
2008-02-14,99817.5,127.46
2008-02-15,99817.5,124.63
2008-02-19,99817.5,122.18
2008-02-20,99817.5,123.82
2008-02-21,99817.5,121.54
2008-02-22,100794,119.46
2008-02-25,100797,119.74
2008-02-26,100791,119.15
2008-02-27,100829,122.96
2008-02-28,100899,129.91
2008-02-29,99829.2,125.02
2008-03-03,99829.2,121.73
2008-03-04,99829.2,124.62
2008-03-05,99829.2,124.49
2008-03-06,99829.2,120.93
2008-03-07,99829.2,122.25
2008-03-10,99829.2,119.69
2008-03-11,99829.2,127.35
2008-03-12,99829.2,126.03
2008-03-13,99829.2,127.94
2008-03-14,99829.2,126.61
2008-03-17,99829.2,126.73
2008-03-18,99829.2,132.82
2008-03-19,100897,129.67
2008-03-20,100933,133.27
2008-03-24,100996,139.53
2008-03-25,101010,140.98
2008-03-26,99831.5,145.06
2008-03-27,99831.5,140.25
2008-03-28,99831.5,143.01
2008-03-31,99831.5,143.5
2008-04-01,99831.5,149.53
2008-04-02,101075,147.49
2008-04-03,101117,151.61
2008-04-04,101131,153.08
2008-04-07,101159,155.89
2008-04-08,101129,152.84
2008-04-09,101115,151.44
2008-04-10,101146,154.55
2008-04-11,101072,147.14
2008-04-14,101078,147.78
2008-04-15,101084,148.38
2008-04-16,101138,153.7
2008-04-17,99830.5,154.49
2008-04-18,99830.5,161.04
2008-04-21,99830.5,168.16
2008-04-22,99830.5,160.2
2008-04-23,99830.5,162.89
2008-04-24,99830.5,168.94
2008-04-25,99830.5,169.73
2008-04-28,99830.5,172.24
2008-04-29,99830.5,175.05
2008-04-30,99830.5,173.95
2008-05-01,99830.5,180
2008-05-02,99830.5,180.94
2008-05-05,99830.5,184.73
2008-05-06,99830.5,186.66
2008-05-07,99830.5,182.59
2008-05-08,101455,185.06
2008-05-09,101439,183.45
2008-05-12,101486,188.16
2008-05-13,101504,189.96
2008-05-14,101467,186.26
2008-05-15,101502,189.73
2008-05-16,101481,187.62
2008-05-19,101440,183.6
2008-05-20,101463,185.9
2008-05-21,101386,178.19
2008-05-22,101375,177.05
2008-05-23,101416,181.17
2008-05-27,101469,186.43
2008-05-28,101475,187.01
2008-05-29,101471,186.69
2008-05-30,99807.6,188.75
2008-06-02,99807.6,186.1
2008-06-03,99807.6,185.37
2008-06-04,99807.6,185.19
2008-06-05,99807.6,189.43
2008-06-06,99807.6,185.64
2008-06-09,99807.6,181.61
2008-06-10,101460,185.64
2008-06-11,101412,180.81
2008-06-12,101336,173.26
2008-06-13,101327,172.37
2008-06-16,101372,176.84
2008-06-17,101418,181.43
2008-06-18,101391,178.75
2008-06-19,101413,180.9
2008-06-20,101356,175.27
2008-06-23,101335,173.16
2008-06-24,101336,173.25
2008-06-25,101378,177.39
2008-06-26,101286,168.26
2008-06-27,101305,170.09
2008-06-30,101278,167.44
2008-07-01,101351,174.68
2008-07-02,101286,168.18
2008-07-03,101305,170.12
2008-07-07,101355,175.16
2008-07-08,101399,179.55
2008-07-09,101346,174.25
2008-07-10,101370,176.63
2008-07-11,99806.6,172.58
2008-07-14,99806.6,173.88
2008-07-15,99806.6,169.64
2008-07-16,99806.6,172.81
2008-07-17,99806.6,171.81
2008-07-18,99806.6,165.15
2008-07-21,99806.6,166.29
2008-07-22,99806.6,162.02
2008-07-23,99806.6,166.26
2008-07-24,99806.6,159.03
2008-07-25,99806.6,162.12
2008-07-28,99806.6,154.4
2008-07-29,99806.6,157.08
2008-07-30,99806.6,159.88
2008-07-31,99806.6,158.95
2008-08-01,99806.6,156.66
2008-08-04,99806.6,153.23
2008-08-05,99806.6,160.64
2008-08-06,99806.6,164.19
2008-08-07,99806.6,163.57
2008-08-08,101290,169.55
2008-08-11,101330,173.56
2008-08-12,101361,176.73
2008-08-13,101387,179.3
2008-08-14,99806.8,179.32
2008-08-15,99806.8,175.74
2008-08-18,99806.8,175.39
2008-08-19,99806.8,173.53
2008-08-20,99806.8,175.84
2008-08-21,99806.8,174.29
2008-08-22,99806.8,176.79
2008-08-25,99806.8,172.55
2008-08-26,99806.8,173.64
2008-08-27,99806.8,174.67
2008-08-28,99806.8,173.74
2008-08-29,101271,169.53
2008-09-02,101238,166.19
2008-09-03,101245,166.96
2008-09-04,101188,161.22
2008-09-05,101178,160.18
2008-09-08,101155,157.92
2008-09-09,101093,151.68
2008-09-10,101092,151.61
2008-09-11,101102,152.65
2008-09-12,101065,148.94
2008-09-15,100979,140.36
2008-09-16,99802,139.88
2008-09-17,99802,127.83
2008-09-18,99802,134.09
2008-09-19,100983,140.91
2008-09-22,100884,131.05
2008-09-23,100842,126.84
2008-09-24,100861,128.71
2008-09-25,100893,131.93
2008-09-26,99798.3,128.24
2008-09-29,99798.3,105.26
2008-09-30,99798.3,113.66
2008-10-01,99798.3,109.12
2008-10-02,100568,100.1
2008-10-03,100538,97.07
2008-10-06,100549,98.14
2008-10-07,99796.9,89.16
2008-10-08,99796.9,89.79
2008-10-09,99796.9,88.74
2008-10-10,99796.9,96.8
2008-10-13,99796.9,110.26
2008-10-14,99796.9,104.08
2008-10-15,99796.9,97.95
2008-10-16,99796.9,101.89
2008-10-17,99796.9,97.4
2008-10-20,99796.9,98.44
2008-10-21,99796.9,91.49
2008-10-22,99796.9,96.87
2008-10-23,99796.9,98.23
2008-10-24,99796.9,96.38
2008-10-27,99796.9,92.09
2008-10-28,99796.9,99.91
2008-10-29,99796.9,104.55
2008-10-30,99796.9,111.04
2008-10-31,99796.9,107.59
2008-11-03,99796.9,106.96
2008-11-04,99796.9,110.99
2008-11-05,99796.9,103.3
2008-11-06,99796.9,99.1
2008-11-07,99796.9,98.24
2008-11-10,99796.9,95.88
2008-11-11,99796.9,94.77
2008-11-12,100464,90.12
2008-11-13,100528,96.44
2008-11-14,100466,90.24
2008-11-17,100445,88.14
2008-11-18,100462,89.91
2008-11-19,100426,86.29
2008-11-20,100368,80.49
2008-11-21,100389,82.58
2008-11-24,100493,92.95
2008-11-25,99790.4,90.8
2008-11-26,99790.4,95
2008-11-28,99790.4,92.67
2008-12-01,99790.4,88.93
2008-12-02,99790.4,92.47
2008-12-03,99790.4,95.9
2008-12-04,99790.4,91.41
2008-12-05,99790.4,94
2008-12-08,99790.4,99.72
2008-12-09,99790.4,100.06
2008-12-10,100532,98.21
2008-12-11,100500,95
2008-12-12,100533,98.27
2008-12-15,100498,94.75
2008-12-16,100504,95.43
2008-12-17,100442,89.16
2008-12-18,100444,89.43
2008-12-19,100450,90
2008-12-22,100408,85.74
2008-12-23,100414,86.38
2008-12-24,100401,85.04
2008-12-26,100408,85.81
2008-12-29,100416,86.61
2008-12-30,100413,86.29
2008-12-31,100404,85.35
2009-01-02,100458,90.75
2009-01-05,100496,94.58
2009-01-06,100480,93.02
2009-01-07,100460,91.01
2009-01-08,100477,92.7
2009-01-09,100456,90.58
2009-01-12,100437,88.66
2009-01-13,100427,87.71
2009-01-14,100403,85.33
2009-01-15,100384,83.38
2009-01-16,100373,82.33
2009-01-20,100332,78.2
2009-01-21,100378,82.83
2009-01-22,100434,88.36
2009-01-23,100434,88.36
2009-01-26,100447,89.64
2009-01-27,100457,90.73
2009-01-28,99828.4,94.2
2009-01-29,99828.4,93
2009-01-30,99828.4,90.13
2009-02-02,99828.4,91.51
2009-02-03,99828.4,92.98
2009-02-04,99828.4,93.55
2009-02-05,99828.4,96.46
2009-02-06,99828.4,99.72
2009-02-09,99828.4,102.51
2009-02-10,99828.4,97.83
2009-02-11,99828.4,96.82
2009-02-12,99828.4,99.27
2009-02-13,99828.4,99.16
2009-02-17,99828.4,94.53
2009-02-18,99828.4,94.37
2009-02-19,99828.4,90.64
2009-02-20,100459,91.2
2009-02-23,100416,86.95
2009-02-24,100449,90.25
2009-02-25,100459,91.16
2009-02-26,100439,89.19
2009-02-27,100440,89.31
2009-03-02,100426,87.94
2009-03-03,100431,88.37
2009-03-04,100459,91.17
2009-03-05,99839,88.84
2009-03-06,99839,85.3
2009-03-09,99839,83.11
2009-03-10,99839,88.6275
2009-03-11,99839,92.68
2009-03-12,99839,96.35
2009-03-13,99839,95.93
2009-03-16,99839,95.42
2009-03-17,99839,99.66
2009-03-18,99839,101.52
2009-03-19,100576,101.62
2009-03-20,100576,101.59
2009-03-23,100637,107.66
2009-03-24,100628,106.83
2009-03-25,100625,106.49
2009-03-26,99828.6,109.87
2009-03-27,99828.6,106.85
2009-03-30,99828.6,104.49
2009-03-31,99828.6,105.12
2009-04-01,99828.6,108.69
2009-04-02,99828.6,112.71
2009-04-03,99828.6,115.99
2009-04-06,99828.6,118.45
2009-04-07,99828.6,115
2009-04-08,99828.6,116.32
2009-04-09,99828.6,119.57
2009-04-13,99828.6,120.22
2009-04-14,99828.6,118.31
2009-04-15,99828.6,117.64
2009-04-16,99828.6,121.45
2009-04-17,99828.6,123.42
2009-04-20,99828.6,120.5
2009-04-21,99828.6,121.76
2009-04-22,99828.6,121.51
2009-04-23,99828.6,125.4
2009-04-24,100795,123.9
2009-04-27,100803,124.73
2009-04-28,100795,123.902
2009-04-29,100807,125.14
2009-04-30,100814,125.83
2009-05-01,100828,127.24
2009-05-04,100876,132.07
2009-05-05,100883,132.71
2009-05-06,100881,132.5
2009-05-07,99819.4,129.06
2009-05-08,99819.4,129.19
2009-05-11,99819.4,129.57
2009-05-12,99819.4,124.42
2009-05-13,99819.4,119.49
2009-05-14,99819.4,122.95
2009-05-15,99819.4,122.42
2009-05-18,99819.4,126.65
2009-05-19,99819.4,127.45
2009-05-20,99819.4,125.87
2009-05-21,99819.4,124.18
2009-05-22,99819.4,122.5
2009-05-26,99819.4,130.78
2009-05-27,99819.4,133.05
2009-05-28,99819.4,135.07
2009-05-29,99819.4,135.81
2009-06-01,99819.4,139.35
2009-06-02,99819.4,139.49
2009-06-03,99819.4,140.95
2009-06-04,99819.4,143.74
2009-06-05,99819.4,144.67
2009-06-08,99819.4,143.85
2009-06-09,99819.4,142.72
2009-06-10,99819.4,140.25
2009-06-11,99819.4,139.95
2009-06-12,100890,136.97
2009-06-15,100881,136.09
2009-06-16,100884,136.35
2009-06-17,100876,135.58
2009-06-18,99821.3,135.88
2009-06-19,99821.3,139.48
2009-06-22,99821.3,137.37
2009-06-23,99821.3,134.01
2009-06-24,99821.3,136.22
2009-06-25,100918,139.86
2009-06-26,100943,142.44
2009-06-29,100939,141.97
2009-06-30,100943,142.43
2009-07-01,100947,142.83
2009-07-02,100919,140.02
2009-07-06,100905,138.61
2009-07-07,100873,135.4
2009-07-08,100891,137.22
2009-07-09,100883,136.36
2009-07-10,99848.1,138.52
2009-07-13,99848.1,142.34
2009-07-14,99848.1,142.27
2009-07-15,99848.1,146.88
2009-07-16,99848.1,147.52
2009-07-17,99848.1,151.75
2009-07-20,99848.1,152.909
2009-07-21,99848.1,151.51
2009-07-22,99848.1,156.74
2009-07-23,99848.1,157.82
2009-07-24,99848.1,159.986
2009-07-27,99848.1,160.1
2009-07-28,99848.1,160
2009-07-29,99848.1,160.03
2009-07-30,99848.1,162.79
2009-07-31,101171,163.39
2009-08-03,101202,166.43
2009-08-04,101193,165.55
2009-08-05,99840.5,165.11
2009-08-06,99840.5,163.91
2009-08-07,99840.5,165.51
2009-08-10,99840.5,164.72
2009-08-11,99840.5,162.83
2009-08-12,101201,165.31
2009-08-13,101232,168.42
2009-08-14,101216,166.78
2009-08-17,101144,159.59
2009-08-18,101188,164
2009-08-19,101194,164.6
2009-08-20,99842.9,166.33
2009-08-21,99842.9,169.22
2009-08-24,99842.9,169.06
2009-08-25,99842.9,169.4
2009-08-26,99842.9,167.41
2009-08-27,99842.9,169.45
2009-08-28,99842.9,170.05
2009-08-31,101202,168.21
2009-09-01,101173,165.298
2009-09-02,101172,165.18
2009-09-03,101185,166.55
2009-09-04,101223,170.31
2009-09-08,101249,172.93
2009-09-09,101231,171.14
2009-09-10,101245,172.56
2009-09-11,101241,172.16
2009-09-14,101257,173.72
2009-09-15,101271,175.16
2009-09-16,101339,181.87
2009-09-17,101365,184.55
2009-09-18,101370,185.02
2009-09-21,101360,184.02
2009-09-22,99843.2,184.48
2009-09-23,99843.2,185.5
2009-09-24,99843.2,183.82
2009-09-25,99843.2,182.37
2009-09-28,101377,186.152
2009-09-29,101370,185.38
2009-09-30,101369,185.35
2009-10-01,101324,180.86
2009-10-02,101365,184.9
2009-10-05,101376,186.024
2009-10-06,101416,190.01
2009-10-07,99827.7,190.25
2009-10-08,99827.7,189.27
2009-10-09,99827.7,190.47
2009-10-12,99827.7,190.81
2009-10-13,99827.7,190.02
2009-10-14,99827.7,191.29
2009-10-15,101429,190.56
2009-10-16,101404,188.05
2009-10-19,101422,189.86
2009-10-20,101511,198.76
2009-10-21,101573,204.92
2009-10-22,101576,205.2
2009-10-23,101563,203.94
2009-10-26,101548,202.48
2009-10-27,101497,197.37
2009-10-28,101448,192.4
2009-10-29,101487,196.35
2009-10-30,101409,188.5
2009-11-02,101417,189.31
2009-11-03,101411,188.75
2009-11-04,101432,190.81
2009-11-05,101464,194.03
2009-11-06,101467,194.34
2009-11-09,101538,201.46
2009-11-10,101553,202.98
2009-11-11,101556,203.25
2009-11-12,99829.8,201.99
2009-11-13,99829.8,204.45
2009-11-16,99829.8,206.63
2009-11-17,101591,207
2009-11-18,101580,205.96
2009-11-19,101526,200.51
2009-11-20,101520,199.92
2009-11-23,99830.6,205.88
2009-11-24,99830.6,204.44
2009-11-25,99830.6,204.19
2009-11-27,99830.6,200.59
2009-11-30,99830.6,199.91
2009-12-01,101469,196.97
2009-12-02,101461,196.23
2009-12-03,101464,196.48
2009-12-04,101432,193.32
2009-12-07,101389,188.95
2009-12-08,101398,189.87
2009-12-09,99841.6,197.8
2009-12-10,99841.6,196.43
2009-12-11,99841.6,194.67
2009-12-14,101469,196.98
2009-12-15,101441,194.17
2009-12-16,101450,195.03
2009-12-17,101418,191.86
2009-12-18,101454,195.43
2009-12-21,99855,198.23
2009-12-22,99855,200.36
2009-12-23,99855,202.1
2009-12-24,99855,209.04
2009-12-28,99855,211.61
2009-12-29,99855,209.1
2009-12-30,99855,211.64
2009-12-31,99855,210.732
2010-01-04,99855,214.01
2010-01-05,99855,214.38
2010-01-06,99855,210.97
2010-01-07,99855,210.58
2010-01-08,99855,211.98
2010-01-11,99855,210.11
2010-01-12,99855,207.72
2010-01-13,99855,210.65
2010-01-14,99855,209.43
2010-01-15,99855,205.93
2010-01-19,99855,215.04
2010-01-20,99855,211.725
2010-01-21,99855,208.072
2010-01-22,99855,197.75
2010-01-25,99855,203.075
2010-01-26,101533,205.94
2010-01-27,101553,207.884
2010-01-28,101467,199.29
2010-01-29,101395,192.063
2010-02-01,101421,194.73
2010-02-02,101432,195.86
2010-02-03,101466,199.23
2010-02-04,101394,192.05
2010-02-05,101428,195.46
2010-02-08,101415,194.12
2010-02-09,101436,196.19
2010-02-10,101425,195.116
2010-02-11,99859.7,198.67
2010-02-12,99859.7,200.38
2010-02-16,99859.7,203.4
2010-02-17,101497,202.55
2010-02-18,101500,202.928
2010-02-19,101488,201.67
2010-02-22,101475,200.416
2010-02-23,101442,197.059
2010-02-24,101478,200.656
2010-02-25,99858.1,202
2010-02-26,99858.1,204.62
2010-03-01,99858.1,208.99
2010-03-02,99858.1,208.85
2010-03-03,99858.1,209.33
2010-03-04,99858.1,210.71
2010-03-05,99858.1,218.95
2010-03-08,99858.1,219.08
2010-03-09,99858.1,223.02
2010-03-10,99858.1,224.84
2010-03-11,99858.1,225.5
2010-03-12,99858.1,226.6
2010-03-15,101713,223.84
2010-03-16,101719,224.45
2010-03-17,101715,224.12
2010-03-18,101721,224.65
2010-03-19,99870.7,222.25
2010-03-22,99870.7,224.75
2010-03-23,99870.7,228.36
2010-03-24,99870.7,229.37
2010-03-25,99870.7,226.65
2010-03-26,101701,230.9
2010-03-29,101716,232.39
2010-03-30,101751,235.845
2010-03-31,101742,235
2010-04-01,101752,235.97
2010-04-05,101777,238.49
2010-04-06,101788,239.54
2010-04-07,101798,240.6
2010-04-08,99866.7,239.95
2010-04-09,99866.7,241.79
2010-04-12,99866.7,242.29
2010-04-13,99866.7,242.43
2010-04-14,99866.7,245.69
2010-04-15,99866.7,248.92
2010-04-16,99866.7,247.4
2010-04-19,99866.7,247.07
2010-04-20,99866.7,244.59
2010-04-21,99866.7,259.22
2010-04-22,99866.7,266.469
2010-04-23,99866.7,270.83
2010-04-26,99866.7,269.5
2010-04-27,99866.7,262.04
2010-04-28,99866.7,261.6
2010-04-29,99866.7,268.64
2010-04-30,99866.7,261.09
2010-05-03,99866.7,266.35
2010-05-04,99866.7,258.68
2010-05-05,99866.7,255.985
2010-05-06,99866.7,246.25
2010-05-07,99866.7,235.86
2010-05-10,101858,253.99
2010-05-11,101883,256.52
2010-05-12,101939,262.09
2010-05-13,101902,258.36
2010-05-14,101856,253.82
2010-05-17,101860,254.22
2010-05-18,101842,252.36
2010-05-19,101802,248.34
2010-05-20,101696,237.76
2010-05-21,101741,242.32
2010-05-24,101786,246.76
2010-05-25,99866.2,245.22
2010-05-26,99866.2,244.109
2010-05-27,99866.2,253.35
2010-05-28,99866.2,256.88
2010-06-01,101920,260.83
2010-06-02,101951,263.95
2010-06-03,101942,263.12
2010-06-04,101871,255.965
2010-06-07,101821,250.94
2010-06-08,101805,249.33
2010-06-09,101743,243.2
2010-06-10,101816,250.51
2010-06-11,101846,253.51
2010-06-14,101854,254.28
2010-06-15,101908,259.69
2010-06-16,101984,267.25
2010-06-17,102030,271.87
2010-06-18,102052,274.074
2010-06-21,102013,270.17
2010-06-22,102050,273.85
2010-06-23,102021,270.97
2010-06-24,102001,269
2010-06-25,101978,266.7
2010-06-28,101994,268.3
2010-06-29,101873,256.17
2010-06-30,101827,251.53
2010-07-01,101796,248.48
2010-07-02,101781,246.94
2010-07-06,101798,248.63
2010-07-07,101898,258.665
2010-07-08,101892,258.09
2010-07-09,101907,259.62
2010-07-12,101884,257.285
2010-07-13,101829,251.798
2010-07-14,101839,252.727
2010-07-15,101826,251.45
2010-07-16,101810,249.9
2010-07-19,101767,245.58
2010-07-20,101830,251.89
2010-07-21,101854,254.24
2010-07-22,101902,259.024
2010-07-23,99947.2,259.94
2010-07-26,99947.2,259.28
2010-07-27,99947.2,264.08
2010-07-28,99947.2,260.96
2010-07-29,99947.2,258.11
2010-07-30,99947.2,257.25
2010-08-02,99947.2,261.85
2010-08-03,99947.2,261.93
2010-08-04,99947.2,262.98
2010-08-05,99947.2,261.7
2010-08-06,99947.2,260.091
2010-08-09,99947.2,261.75
2010-08-10,101896,259.41
2010-08-11,101804,250.19
2010-08-12,101820,251.79
2010-08-13,101793,249.1
2010-08-16,101778,247.64
2010-08-17,101821,251.97
2010-08-18,101832,253.07
2010-08-19,101801,249.88
2010-08-20,101798,249.64
2010-08-23,99940.2,245.8
2010-08-24,99940.2,239.93
2010-08-25,99940.2,242.89
2010-08-26,99940.2,240.28
2010-08-27,99940.2,241.62
2010-08-30,99940.2,242.5
2010-08-31,99940.2,243.1
2010-09-01,99940.2,250.33
2010-09-02,99940.2,252.17
2010-09-03,99940.2,258.77
2010-09-07,99940.2,257.81
2010-09-08,99940.2,262.92
2010-09-09,99940.2,263.07
2010-09-10,99940.2,263.41
2010-09-13,99940.2,267.04
2010-09-14,99940.2,268.06
2010-09-15,101935,270.22
2010-09-16,101998,276.57
2010-09-17,101986,275.37
2010-09-20,102065,283.23
2010-09-21,102070,283.77
2010-09-22,102110,287.75
2010-09-23,99936.3,288.92
2010-09-24,99936.3,292.32
2010-09-27,99936.3,291.164
2010-09-28,99936.3,286.86
2010-09-29,99936.3,287.37
2010-09-30,99936.3,283.75
2010-10-01,99936.3,282.52
2010-10-04,101999,278.64
2010-10-05,102102,288.94
2010-10-06,102105,289.19
2010-10-07,102105,289.22
2010-10-08,102153,294.07
2010-10-11,102166,295.36
2010-10-12,102198,298.54
2010-10-13,102214,300.14
2010-10-14,102236,302.31
2010-10-15,102360,314.74
2010-10-18,102393,318
2010-10-19,102308,309.49
2010-10-20,102318,310.53
2010-10-21,102308,309.52
2010-10-22,102287,307.47
2010-10-25,102301,308.84
2010-10-26,102293,308.05
2010-10-27,102291,307.83
2010-10-28,102265,305.24
2010-10-29,100024,300.98
2010-11-01,100024,304.18
2010-11-02,100024,309.36
2010-11-03,102305,312.8
2010-11-04,102359,318.27
2010-11-05,102348,317.13
2010-11-08,102363,318.62
2010-11-09,102337,316.08
2010-11-10,102357,318.03
2010-11-11,102343,316.655
2010-11-12,102257,308.03
2010-11-15,102247,307.035
2010-11-16,100044,301.59
2010-11-17,100044,300.5
2010-11-18,100044,308.43
2010-11-19,102257,306.73
2010-11-22,102323,313.36
2010-11-23,102277,308.73
2010-11-24,102338,314.795
2010-11-26,102340,315
2010-11-29,102358,316.87
2010-11-30,102301,311.15
2010-12-01,102354,316.4
2010-12-02,102371,318.15
2010-12-03,102364,317.44
2010-12-06,102391,320.15
2010-12-07,102372,318.21
2010-12-08,102400,321.01
2010-12-09,102387,319.757
2010-12-10,102395,320.56
2010-12-13,102406,321.67
2010-12-14,102393,320.29
2010-12-15,99594.1,320.36
2010-12-16,99594.1,321.25
2010-12-17,99594.1,320.61
2010-12-20,99594.1,322.21
2010-12-21,99594.1,324.205
2010-12-22,99594.1,325.16
2010-12-23,99594.1,323.6
2010-12-27,99594.1,324.68
2010-12-28,99594.1,325.47
2010-12-29,99594.1,325.29
2010-12-30,99594.1,323.66
2010-12-31,99594.1,322.56
2011-01-03,99594.1,329.57
2011-01-04,102494,331.29
2011-01-05,102521,334
2011-01-06,102519,333.73
2011-01-07,102542,336.12
2011-01-10,102606,342.455
2011-01-11,102598,341.64
2011-01-12,102625,344.42
2011-01-13,102638,345.68
2011-01-14,102666,348.48
2011-01-18,102588,340.65
2011-01-19,102570,338.84
2011-01-20,99605.3,332.68
2011-01-21,99605.3,326.72
2011-01-24,99605.3,337.45
2011-01-25,99605.3,341.4
2011-01-26,99605.3,343.85
2011-01-27,99605.3,343.21
2011-01-28,99605.3,336.1
2011-01-31,102569,339.32
2011-02-01,102627,345.03
2011-02-02,102619,344.32
2011-02-03,102611,343.44
2011-02-04,102641,346.5
2011-02-07,102695,351.88
2011-02-08,102728,355.2
2011-02-09,102758,358.16
2011-02-10,102722,354.54
2011-02-11,102745,356.85
2011-02-14,102768,359.18
2011-02-15,102775,359.9
2011-02-16,99594.2,363.13
2011-02-17,99594.2,358.3
2011-02-18,99594.2,350.56
2011-02-22,99594.2,338.61
